Date,Bay,Station,Trap_Number,Number_Crabs,Number_Traps,Temperature,Salinity,Month,Year,MonYr,Season
5/8/2002,MTB,AB,Z,3,5,29,30,5,2002,2-May,2
5/8/2002,OTB,AR,Z,9,5,28,30,5,2002,2-May,2
5/8/2002,OTB,AP,Z,9,5,29,30,5,2002,2-May,2
5/8/2002,MTB,BH,Z,25,5,29,38,5,2002,2-May,2
5/16/2002,MTB,AB,Z,3,5,28,30,5,2002,2-May,2
5/16/2002,OTB,AR,Z,4,5,25,31,5,2002,2-May,2
5/16/2002,OTB,AP,Z,7,5,27,30,5,2002,2-May,2
5/16/2002,MTB,BH,Z,23,5,27,30,5,2002,2-May,2
5/24/2002,MTB,AB,Z,6,5,24,31,5,2002,2-May,2
5/24/2002,OTB,AR,Z,12,5,24,32,5,2002,2-May,2
5/24/2002,OTB,AP,Z,7,5,25,31,5,2002,2-May,2
5/24/2002,MTB,BH,Z,10,5,25,33,5,2002,2-May,2
5/30/2002,MTB,AB,Z,2,5,27,33,5,2002,2-May,2
5/30/2002,OTB,AR,Z,13,5,27,32,5,2002,2-May,2
5/30/2002,OTB,AP,Z,7,5,28,30,5,2002,2-May,2
5/30/2002,MTB,BH,Z,22,5,28,33,5,2002,2-May,2
6/6/2002,MTB,AB,Z,5,5,27,34,6,2002,2-Jun,2
6/6/2002,OTB,AR,Z,12,5,28,32,6,2002,2-Jun,2
6/6/2002,OTB,AP,Z,10,5,29,31,6,2002,2-Jun,2
6/6/2002,MTB,BH,Z,12,5,27,34,6,2002,2-Jun,2
6/13/2002,MTB,AB,Z,2,5,29,33,6,2002,2-Jun,2
6/13/2002,OTB,AR,Z,3,5,29,32,6,2002,2-Jun,2
6/13/2002,OTB,AP,Z,14,5,31,32,6,2002,2-Jun,2
6/13/2002,MTB,BH,Z,21,5,29,34,6,2002,2-Jun,2
6/20/2002,MTB,AB,Z,2,5,28,33,6,2002,2-Jun,2
6/20/2002,OTB,AR,Z,3,5,28,32,6,2002,2-Jun,2
6/20/2002,OTB,AP,Z,8,5,28,32,6,2002,2-Jun,2
6/20/2002,MTB,BH,Z,13,5,28,32,6,2002,2-Jun,2
6/27/2002,MTB,AB,Z,1,5,30,33,6,2002,2-Jun,2
6/27/2002,OTB,AR,Z,6,5,30,30,6,2002,2-Jun,2
6/27/2002,OTB,AP,Z,3,5,29,30,6,2002,2-Jun,2
6/27/2002,MTB,BH,Z,10,5,30,34,6,2002,2-Jun,2
6/27/2002,OTB,SH,Z,3,5,28,25,6,2002,2-Jun,2
7/2/2002,MTB,AB,Z,0,5,28,33,7,2002,2-Jul,3
7/2/2002,OTB,AR,Z,7,5,29,30,7,2002,2-Jul,3
7/2/2002,OTB,AP,Z,7,5,30,29,7,2002,2-Jul,3
7/2/2002,MTB,BH,Z,8,5,28,32,7,2002,2-Jul,3
7/2/2002,OTB,SH,Z,6,5,29,25,7,2002,2-Jul,3
7/11/2002,MTB,AB,Z,0,5,29,31,7,2002,2-Jul,3
7/11/2002,OTB,AR,Z,2,5,29,32,7,2002,2-Jul,3
7/11/2002,OTB,AP,Z,5,5,28,29,7,2002,2-Jul,3
7/11/2002,MTB,BH,Z,14,5,28,30,7,2002,2-Jul,3
7/11/2002,OTB,SH,Z,9,5,29,28,7,2002,2-Jul,3
7/17/2002,MTB,AB,Z,0,5,30,30,7,2002,2-Jul,3
7/17/2002,OTB,AR,Z,3,5,31,28,7,2002,2-Jul,3
7/17/2002,OTB,AP,Z,0,5,32,29,7,2002,2-Jul,3
7/17/2002,MTB,BH,Z,10,5,29,30,7,2002,2-Jul,3
7/17/2002,OTB,SH,Z,2,5,30,29,7,2002,2-Jul,3
7/25/2002,MTB,AB,Z,1,5,31,30,7,2002,2-Jul,3
7/25/2002,OTB,AR,Z,1,5,31,29,7,2002,2-Jul,3
7/25/2002,OTB,AP,Z,2,5,29,26,7,2002,2-Jul,3
7/25/2002,MTB,BH,Z,15,5,30,31,7,2002,2-Jul,3
7/25/2002,OTB,SH,Z,4,5,29,25,7,2002,2-Jul,3
7/31/2002,MTB,AB,Z,0,5,33,29,7,2002,2-Jul,3
7/31/2002,OTB,AR,Z,0,5,30,28,7,2002,2-Jul,3
7/31/2002,OTB,AP,Z,1,5,30,25,7,2002,2-Jul,3
7/31/2002,MTB,BH,Z,7,5,31,30,7,2002,2-Jul,3
7/31/2002,OTB,SH,Z,1,5,31,24,7,2002,2-Jul,3
8/8/2002,MTB,AB,Z,1,5,29,28,8,2002,2-Aug,3
8/8/2002,OTB,AR,Z,2,5,30,28,8,2002,2-Aug,3
8/8/2002,OTB,AP,Z,2,5,29,25,8,2002,2-Aug,3
8/8/2002,MTB,BH,Z,15,5,29,30,8,2002,2-Aug,3
8/8/2002,OTB,SH,Z,1,5,29,24,8,2002,2-Aug,3
8/16/2002,MTB,AB,Z,1,5,,,8,2002,2-Aug,3
8/16/2002,OTB,AR,Z,0,5,,,8,2002,2-Aug,3
8/16/2002,OTB,AP,Z,3,5,,,8,2002,2-Aug,3
8/16/2002,MTB,BH,Z,10,5,,,8,2002,2-Aug,3
8/16/2002,OTB,SH,Z,0,5,,,8,2002,2-Aug,3
8/22/2002,MTB,AB,Z,0,5,30,26,8,2002,2-Aug,3
8/22/2002,OTB,AR,Z,1,5,30,24,8,2002,2-Aug,3
8/22/2002,OTB,AP,Z,1,5,30,23,8,2002,2-Aug,3
8/22/2002,MTB,BH,Z,6,5,29,27,8,2002,2-Aug,3
8/22/2002,OTB,SH,Z,0,5,30,20,8,2002,2-Aug,3
8/29/2002,MTB,AB,Z,0,5,28,27,8,2002,2-Aug,3
8/29/2002,OTB,AR,Z,0,5,29,25,8,2002,2-Aug,3
8/29/2002,OTB,AP,Z,2,5,29,23,8,2002,2-Aug,3
8/29/2002,MTB,BH,Z,2,5,29,27,8,2002,2-Aug,3
8/29/2002,OTB,SH,Z,1,5,29,21,8,2002,2-Aug,3
9/5/2002,MTB,AB,Z,2,5,29,25,9,2002,2-Sep,3
9/5/2002,OTB,AR,Z,0,5,29,25,9,2002,2-Sep,3
9/5/2002,OTB,AP,Z,0,5,30,23,9,2002,2-Sep,3
9/5/2002,MTB,BH,Z,0,5,,,9,2002,2-Sep,3
9/5/2002,OTB,SH,Z,0,5,30,21,9,2002,2-Sep,3
9/12/2002,MTB,AB,Z,1,5,29,25,9,2002,2-Sep,3
9/12/2002,OTB,AR,Z,0,5,28,24,9,2002,2-Sep,3
9/12/2002,OTB,AP,Z,0,5,27,21,9,2002,2-Sep,3
9/12/2002,MTB,BH,Z,0,5,27,27,9,2002,2-Sep,3
9/12/2002,OTB,SH,Z,0,5,,,9,2002,2-Sep,3
9/18/2002,MTB,AB,Z,1,5,29,25,9,2002,2-Sep,3
9/18/2002,OTB,AR,Z,1,5,29,22,9,2002,2-Sep,3
9/18/2002,OTB,AP,Z,0,5,29,20,9,2002,2-Sep,3
9/18/2002,MTB,BH,Z,0,5,29,25,9,2002,2-Sep,3
9/18/2002,OTB,SH,Z,1,5,29,18,9,2002,2-Sep,3
9/27/2002,MTB,AB,Z,1,5,28,23,9,2002,2-Sep,3
9/27/2002,OTB,AR,Z,0,5,28,20,9,2002,2-Sep,3
9/27/2002,OTB,AP,Z,0,5,28,20,9,2002,2-Sep,3
9/27/2002,MTB,BH,Z,1,5,28,25,9,2002,2-Sep,3
9/27/2002,OTB,SH,Z,0,5,29,20,9,2002,2-Sep,3
10/3/2002,MTB,AB,Z,0,5,28,25,10,2002,2-Oct,4
10/3/2002,OTB,AR,Z,0,5,27,23,10,2002,2-Oct,4
10/3/2002,OTB,AP,Z,0,5,28,21,10,2002,2-Oct,4
10/3/2002,MTB,BH,Z,1,5,28,24,10,2002,2-Oct,4
10/3/2002,OTB,SH,Z,0,5,29,19,10,2002,2-Oct,4
10/10/2002,MTB,AB,Z,0,5,28,25,10,2002,2-Oct,4
10/10/2002,OTB,AR,Z,0,5,27,24,10,2002,2-Oct,4
10/10/2002,OTB,AP,Z,1,5,29,20,10,2002,2-Oct,4
10/10/2002,MTB,BH,Z,0,5,30,24,10,2002,2-Oct,4
10/10/2002,OTB,SH,Z,0,5,27,20,10,2002,2-Oct,4
10/18/2002,MTB,AB,Z,1,5,24,25,10,2002,2-Oct,4
10/18/2002,OTB,AR,Z,1,5,24,25,10,2002,2-Oct,4
10/18/2002,OTB,AP,Z,1,5,24,22,10,2002,2-Oct,4
10/18/2002,MTB,BH,Z,0,5,24,20,10,2002,2-Oct,4
10/18/2002,OTB,SH,Z,1,5,,26,10,2002,2-Oct,4
10/24/2002,MTB,AB,Z,1,5,26,27,10,2002,2-Oct,4
10/24/2002,OTB,AR,Z,0,5,26,24,10,2002,2-Oct,4
10/24/2002,OTB,AP,Z,3,5,26,20,10,2002,2-Oct,4
10/24/2002,MTB,BH,Z,2,5,26,25,10,2002,2-Oct,4
10/24/2002,OTB,SH,Z,0,5,26,19,10,2002,2-Oct,4
10/31/2002,MTB,AB,Z,1,5,26,25,10,2002,2-Oct,4
10/31/2002,OTB,AR,Z,0,5,20,25,10,2002,2-Oct,4
10/31/2002,OTB,AP,Z,1,5,24,22,10,2002,2-Oct,4
10/31/2002,MTB,BH,Z,1,5,25,26,10,2002,2-Oct,4
10/31/2002,OTB,SH,Z,0,5,25,21,10,2002,2-Oct,4
11/7/2002,MTB,AB,Z,6,5,23,26,11,2002,2-Nov,4
11/7/2002,OTB,AR,Z,1,5,19,25,11,2002,2-Nov,4
11/7/2002,OTB,AP,Z,2,5,21,22,11,2002,2-Nov,4
11/7/2002,MTB,BH,Z,0,5,,,11,2002,2-Nov,4
11/7/2002,OTB,SH,Z,0,5,20,21,11,2002,2-Nov,4
11/14/2002,MTB,AB,Z,0,5,22,26,11,2002,2-Nov,4
11/14/2002,OTB,AR,Z,2,5,21,25,11,2002,2-Nov,4
11/14/2002,OTB,AP,Z,1,5,20,23,11,2002,2-Nov,4
11/14/2002,MTB,BH,Z,0,5,21,28,11,2002,2-Nov,4
11/14/2002,OTB,SH,Z,1,5,20,23,11,2002,2-Nov,4
11/21/2002,MTB,AB,Z,6,5,19,25,11,2002,2-Nov,4
11/21/2002,OTB,AR,Z,1,5,20,25,11,2002,2-Nov,4
11/21/2002,OTB,AP,Z,4,5,18,23,11,2002,2-Nov,4
11/21/2002,MTB,BH,Z,0,5,19,26,11,2002,2-Nov,4
11/21/2002,OTB,SH,Z,1,5,19,22,11,2002,2-Nov,4
11/26/2002,MTB,AB,Z,0,5,18,26,11,2002,2-Nov,4
11/26/2002,OTB,AR,Z,2,5,18,26,11,2002,2-Nov,4
11/26/2002,OTB,AP,Z,2,5,18,23,11,2002,2-Nov,4
11/26/2002,MTB,BH,Z,1,5,18,27,11,2002,2-Nov,4
11/26/2002,OTB,SH,Z,2,5,16,24,11,2002,2-Nov,4
12/4/2002,MTB,AB,Z,2,5,17,26,12,2002,2-Dec,4
12/4/2002,OTB,AR,Z,6,5,16,25,12,2002,2-Dec,4
12/4/2002,OTB,AP,Z,4,5,15,24,12,2002,2-Dec,4
12/4/2002,MTB,BH,Z,0,5,16,28,12,2002,2-Dec,4
12/4/2002,OTB,SH,Z,2,5,16,24,12,2002,2-Dec,4
12/15/2002,MTB,AB,Z,5,5,16,21,12,2002,2-Dec,4
12/15/2002,OTB,AR,Z,8,5,16,24,12,2002,2-Dec,4
12/15/2002,OTB,AP,Z,0,5,15,18,12,2002,2-Dec,4
12/15/2002,MTB,BH,Z,0,5,,,12,2002,2-Dec,4
12/15/2002,OTB,SH,Z,2,5,14,15,12,2002,2-Dec,4
12/29/2002,MTB,AB,Z,1,5,16,20,12,2002,2-Dec,4
12/29/2002,OTB,AR,Z,9,5,16,18,12,2002,2-Dec,4
12/29/2002,OTB,AP,Z,4,5,15,18,12,2002,2-Dec,4
12/29/2002,MTB,BH,Z,0,5,15,23,12,2002,2-Dec,4
12/29/2002,OTB,SH,Z,6,5,14,16,12,2002,2-Dec,4
1/15/2003,MTB,AB,Z,4,5,15,19,1,2003,3-Jan,1
1/15/2003,OTB,AR,Z,6,5,13,19,1,2003,3-Jan,1
1/15/2003,OTB,AP,Z,1,5,13,17,1,2003,3-Jan,1
1/15/2003,MTB,BH,Z,0,5,13,21,1,2003,3-Jan,1
1/15/2003,OTB,SH,Z,5,5,13,16,1,2003,3-Jan,1
1/22/2003,MTB,AB,Z,2,5,14,21,1,2003,3-Jan,1
1/22/2003,OTB,AR,Z,7,5,15,20,1,2003,3-Jan,1
1/22/2003,OTB,AP,Z,0,5,14,20,1,2003,3-Jan,1
1/22/2003,MTB,BH,Z,1,5,14,23,1,2003,3-Jan,1
1/22/2003,OTB,SH,Z,6,5,14,19,1,2003,3-Jan,1
1/30/2003,MTB,AB,Z,7,5,13,22,1,2003,3-Jan,1
1/30/2003,OTB,AR,Z,6,5,,22,1,2003,3-Jan,1
1/30/2003,OTB,AP,Z,6,5,13,18,1,2003,3-Jan,1
1/30/2003,MTB,BH,Z,1,5,13,22,1,2003,3-Jan,1
1/30/2003,OTB,SH,Z,9,5,13,18,1,2003,3-Jan,1
2/6/2003,MTB,AB,Z,6,5,15,22,2,2003,3-Feb,1
2/6/2003,OTB,AR,Z,10,5,15,20,2,2003,3-Feb,1
2/6/2003,OTB,AP,Z,5,5,15,19,2,2003,3-Feb,1
2/6/2003,MTB,BH,Z,3,5,14,25,2,2003,3-Feb,1
2/6/2003,OTB,SH,Z,7,5,15,20,2,2003,3-Feb,1
2/14/2003,MTB,AB,Z,5,5,15,25,2,2003,3-Feb,1
2/14/2003,OTB,AR,Z,8,5,14,23,2,2003,3-Feb,1
2/14/2003,OTB,AP,Z,5,5,15,20,2,2003,3-Feb,1
2/14/2003,MTB,BH,Z,1,5,14,25,2,2003,3-Feb,1
2/14/2003,OTB,SH,Z,10,5,15,20,2,2003,3-Feb,1
2/19/2003,MTB,AB,Z,4,5,17,24,2,2003,3-Feb,1
2/19/2003,OTB,AR,Z,6,5,17,23,2,2003,3-Feb,1
2/19/2003,OTB,AP,Z,5,5,17,20,2,2003,3-Feb,1
2/19/2003,MTB,BH,Z,3,5,16,24,2,2003,3-Feb,1
2/19/2003,OTB,SH,Z,10,5,17,17,2,2003,3-Feb,1
2/27/2003,MTB,AB,Z,8,5,19,25,2,2003,3-Feb,1
2/27/2003,OTB,AR,Z,7,5,20,21,2,2003,3-Feb,1
2/27/2003,OTB,AP,Z,7,5,20,19,2,2003,3-Feb,1
2/27/2003,MTB,BH,Z,5,5,19,25,2,2003,3-Feb,1
2/27/2003,OTB,SH,Z,5,5,20,23,2,2003,3-Feb,1
3/5/2003,MTB,AB,Z,4,5,22,21,3,2003,3-Mar,1
3/5/2003,OTB,AR,Z,7,5,22,15,3,2003,3-Mar,1
3/5/2003,OTB,AP,Z,12,5,21,18,3,2003,3-Mar,1
3/5/2003,MTB,BH,Z,4,5,20,22,3,2003,3-Mar,1
3/5/2003,OTB,SH,Z,4,5,21,17,3,2003,3-Mar,1
3/13/2003,MTB,AB,Z,12,5,24,22,3,2003,3-Mar,1
3/13/2003,OTB,AR,Z,10,5,24,21,3,2003,3-Mar,1
3/13/2003,OTB,AP,Z,19,5,24,17,3,2003,3-Mar,1
3/13/2003,MTB,BH,Z,6,5,24,23,3,2003,3-Mar,1
3/13/2003,OTB,SH,Z,5,5,24,17,3,2003,3-Mar,1
3/19/2003,MTB,AB,Z,10,5,24,22,3,2003,3-Mar,1
3/19/2003,OTB,AR,Z,11,5,24,20,3,2003,3-Mar,1
3/19/2003,OTB,AP,Z,14,5,25,18,3,2003,3-Mar,1
3/19/2003,MTB,BH,Z,4,5,24,25,3,2003,3-Mar,1
3/19/2003,OTB,SH,Z,12,5,26,16,3,2003,3-Mar,1
3/27/2003,MTB,AB,Z,7,5,24,22,3,2003,3-Mar,1
3/27/2003,OTB,AR,Z,4,5,23,15,3,2003,3-Mar,1
3/27/2003,OTB,AP,Z,13,5,24,19,3,2003,3-Mar,1
3/27/2003,MTB,BH,Z,5,5,22,25,3,2003,3-Mar,1
3/27/2003,OTB,SH,Z,8,5,24,17,3,2003,3-Mar,1
4/2/2003,MTB,AB,Z,2,5,19,23,4,2003,3-Apr,2
4/2/2003,OTB,AR,Z,10,5,,20,4,2003,3-Apr,2
4/2/2003,OTB,AP,Z,6,5,19,20,4,2003,3-Apr,2
4/2/2003,MTB,BH,Z,7,5,25,29,4,2003,3-Apr,2
4/2/2003,OTB,SH,Z,9,5,28,20,4,2003,3-Apr,2
4/9/2003,MTB,AB,Z,6,5,23,22,4,2003,3-Apr,2
4/9/2003,OTB,AR,Z,13,5,25,21,4,2003,3-Apr,2
4/9/2003,OTB,AP,Z,8,5,23,19,4,2003,3-Apr,2
4/9/2003,MTB,BH,Z,2,5,23,25,4,2003,3-Apr,2
4/9/2003,OTB,SH,Z,8,5,23,20,4,2003,3-Apr,2
4/17/2003,MTB,AB,Z,15,5,24,22,4,2003,3-Apr,2
4/17/2003,OTB,AR,Z,11,5,24,20,4,2003,3-Apr,2
4/17/2003,OTB,AP,Z,16,5,23,19,4,2003,3-Apr,2
4/17/2003,MTB,BH,Z,8,5,23,25,4,2003,3-Apr,2
4/17/2003,OTB,SH,Z,7,5,23,19,4,2003,3-Apr,2
4/24/2003,MTB,AB,Z,10,5,25,25,4,2003,3-Apr,2
4/24/2003,OTB,AR,Z,9,5,25,21,4,2003,3-Apr,2
4/24/2003,OTB,AP,Z,7,5,24,23,4,2003,3-Apr,2
4/24/2003,MTB,BH,Z,8,5,23,25,4,2003,3-Apr,2
4/24/2003,OTB,SH,Z,8,5,24,24,4,2003,3-Apr,2
5/1/2003,MTB,AB,Z,9,5,25,22,5,2003,3-May,2
5/1/2003,OTB,AR,Z,7,5,26,21,5,2003,3-May,2
5/1/2003,OTB,AP,Z,11,5,26,18,5,2003,3-May,2
5/1/2003,MTB,BH,Z,3,5,25,24,5,2003,3-May,2
5/1/2003,OTB,SH,Z,10,5,26,18,5,2003,3-May,2
5/8/2003,MTB,AB,Z,6,5,27,22,5,2003,3-May,2
5/8/2003,OTB,AR,Z,8,5,29,21,5,2003,3-May,2
5/8/2003,OTB,AP,Z,6,5,28,20,5,2003,3-May,2
5/8/2003,MTB,BH,Z,7,5,27,23,5,2003,3-May,2
5/8/2003,OTB,SH,Z,3,5,29,20,5,2003,3-May,2
5/15/2003,MTB,AB,Z,6,5,28,23,5,2003,3-May,2
5/15/2003,OTB,AR,Z,6,5,27,20,5,2003,3-May,2
5/15/2003,OTB,AP,Z,11,5,28,24,5,2003,3-May,2
5/15/2003,MTB,BH,Z,5,5,27,25,5,2003,3-May,2
5/15/2003,OTB,SH,Z,5,5,28,20,5,2003,3-May,2
5/21/2003,MTB,AB,Z,10,5,28,23,5,2003,3-May,2
5/21/2003,OTB,AR,Z,8,5,28,23,5,2003,3-May,2
5/21/2003,OTB,AP,Z,3,5,28,20,5,2003,3-May,2
5/21/2003,MTB,BH,Z,12,5,28,24,5,2003,3-May,2
5/21/2003,OTB,SH,Z,6,5,29,19,5,2003,3-May,2
5/29/2003,MTB,AB,Z,6,5,28,22,5,2003,3-May,2
5/29/2003,OTB,AR,Z,5,5,28,22,5,2003,3-May,2
5/29/2003,OTB,AP,Z,3,5,28,20,5,2003,3-May,2
5/29/2003,MTB,BH,Z,5,5,28,25,5,2003,3-May,2
5/29/2003,OTB,SH,Z,10,5,28,20,5,2003,3-May,2
6/6/2003,MTB,AB,Z,6,5,28,23,6,2003,3-Jun,2
6/6/2003,OTB,AR,Z,5,5,28,22,6,2003,3-Jun,2
6/6/2003,OTB,AP,Z,5,5,29,20,6,2003,3-Jun,2
6/6/2003,MTB,BH,Z,10,5,27,26,6,2003,3-Jun,2
6/6/2003,OTB,SH,Z,2,5,28,20,6,2003,3-Jun,2
6/13/2003,MTB,AB,Z,10,5,28,23,6,2003,3-Jun,2
6/13/2003,OTB,AR,Z,7,5,29,21,6,2003,3-Jun,2
6/13/2003,OTB,AP,Z,4,5,29,20,6,2003,3-Jun,2
6/13/2003,MTB,BH,Z,7,5,29,25,6,2003,3-Jun,2
6/13/2003,OTB,SH,Z,3,5,30,16,6,2003,3-Jun,2
6/19/2003,MTB,AB,Z,15,5,28,22,6,2003,3-Jun,2
6/19/2003,OTB,AR,Z,5,5,28,22,6,2003,3-Jun,2
6/19/2003,OTB,AP,Z,5,5,27,19,6,2003,3-Jun,2
6/19/2003,MTB,BH,Z,6,5,28,25,6,2003,3-Jun,2
6/19/2003,OTB,SH,Z,4,5,27,20,6,2003,3-Jun,2
6/26/2003,MTB,AB,Z,7,5,28,20,6,2003,3-Jun,2
6/26/2003,OTB,AR,Z,6,5,28,17,6,2003,3-Jun,2
6/26/2003,OTB,AP,Z,6,5,28,15,6,2003,3-Jun,2
6/26/2003,MTB,BH,Z,9,5,28,18,6,2003,3-Jun,2
6/26/2003,OTB,SH,Z,6,5,28,9,6,2003,3-Jun,2
7/2/2003,MTB,AB,Z,10,5,28,19,7,2003,3-Jul,3
7/2/2003,OTB,AR,Z,6,5,28,16,7,2003,3-Jul,3
7/2/2003,OTB,AP,Z,4,5,28,15,7,2003,3-Jul,3
7/2/2003,MTB,BH,Z,7,5,26,20,7,2003,3-Jul,3
7/2/2003,OTB,SH,Z,5,5,29,11,7,2003,3-Jul,3
7/10/2003,MTB,AB,Z,12,5,30,18,7,2003,3-Jul,3
7/10/2003,OTB,AR,Z,9,5,31,15,7,2003,3-Jul,3
7/10/2003,OTB,AP,Z,3,5,31,15,7,2003,3-Jul,3
7/10/2003,MTB,BH,Z,5,5,31,19,7,2003,3-Jul,3
7/10/2003,OTB,SH,Z,5,5,31,11,7,2003,3-Jul,3
7/17/2003,MTB,AB,Z,8,5,29,14,7,2003,3-Jul,3
7/17/2003,OTB,AR,Z,5,5,29,15,7,2003,3-Jul,3
7/17/2003,OTB,AP,Z,3,5,30,14,7,2003,3-Jul,3
7/17/2003,MTB,BH,Z,8,5,29,20,7,2003,3-Jul,3
7/17/2003,OTB,SH,Z,2,5,29,12,7,2003,3-Jul,3
7/24/2003,MTB,AB,Z,4,5,30,19,7,2003,3-Jul,3
7/24/2003,OTB,AR,Z,4,5,30,15,7,2003,3-Jul,3
7/24/2003,OTB,AP,Z,2,5,29,14,7,2003,3-Jul,3
7/24/2003,MTB,BH,Z,7,5,30,20,7,2003,3-Jul,3
7/24/2003,OTB,SH,Z,1,5,29,13,7,2003,3-Jul,3
7/31/2003,MTB,AB,Z,20,5,30,17,7,2003,3-Jul,3
7/31/2003,OTB,AR,Z,4,5,30,15,7,2003,3-Jul,3
7/31/2003,OTB,AP,Z,4,5,31,13,7,2003,3-Jul,3
7/31/2003,MTB,BH,Z,6,5,30,18,7,2003,3-Jul,3
7/31/2003,OTB,SH,Z,3,5,30,14,7,2003,3-Jul,3
8/7/2003,MTB,AB,Z,10,5,30,16,8,2003,3-Aug,3
8/7/2003,OTB,AR,Z,2,5,31,13,8,2003,3-Aug,3
8/7/2003,OTB,AP,Z,1,5,30,13,8,2003,3-Aug,3
8/7/2003,MTB,BH,Z,8,5,30,20,8,2003,3-Aug,3
8/7/2003,OTB,SH,Z,0,5,30,13,8,2003,3-Aug,3
8/13/2003,MTB,AB,Z,7,5,29,16,8,2003,3-Aug,3
8/13/2003,OTB,AR,Z,4,5,29,11,8,2003,3-Aug,3
8/13/2003,OTB,AP,Z,2,5,29,11,8,2003,3-Aug,3
8/13/2003,MTB,BH,Z,6,5,29,16,8,2003,3-Aug,3
8/13/2003,OTB,SH,Z,1,5,29,3,8,2003,3-Aug,3
8/21/2003,MTB,AB,Z,7,5,28,18,8,2003,3-Aug,3
8/21/2003,OTB,AR,Z,9,5,29,14,8,2003,3-Aug,3
8/21/2003,OTB,AP,Z,3,5,29,12,8,2003,3-Aug,3
8/21/2003,MTB,BH,Z,4,5,29,17,8,2003,3-Aug,3
8/21/2003,OTB,SH,Z,0,5,29,10,8,2003,3-Aug,3
8/28/2003,MTB,AB,Z,3,5,28,16,8,2003,3-Aug,3
8/28/2003,OTB,AR,Z,1,5,28,12,8,2003,3-Aug,3
8/28/2003,OTB,AP,Z,3,5,29,10,8,2003,3-Aug,3
8/28/2003,MTB,BH,Z,9,5,28,16,8,2003,3-Aug,3
8/28/2003,OTB,SH,Z,3,5,29,8,8,2003,3-Aug,3
9/4/2003,MTB,AB,Z,4,5,26,15,9,2003,3-Sep,3
9/4/2003,OTB,AR,Z,6,5,27,11,9,2003,3-Sep,3
9/4/2003,OTB,AP,Z,0,5,28,11,9,2003,3-Sep,3
9/4/2003,MTB,BH,Z,3,5,28,9,9,2003,3-Sep,3
9/4/2003,OTB,SH,Z,1,5,28,10,9,2003,3-Sep,3
9/11/2003,MTB,AB,Z,3,5,28,15,9,2003,3-Sep,3
9/11/2003,OTB,AR,Z,10,5,28,14,9,2003,3-Sep,3
9/11/2003,OTB,AP,Z,4,5,27,11,9,2003,3-Sep,3
9/11/2003,MTB,BH,Z,3,5,27,12,9,2003,3-Sep,3
9/11/2003,OTB,SH,Z,4,5,28,10,9,2003,3-Sep,3
9/18/2003,MTB,AB,Z,3,5,27,15,9,2003,3-Sep,3
9/18/2003,OTB,AR,Z,16,5,27,15,9,2003,3-Sep,3
9/18/2003,OTB,AP,Z,4,5,28,10,9,2003,3-Sep,3
9/18/2003,MTB,BH,Z,1,5,29,16,9,2003,3-Sep,3
9/18/2003,OTB,SH,Z,3,5,27,10,9,2003,3-Sep,3
9/25/2003,MTB,AB,Z,2,5,29,20,9,2003,3-Sep,3
9/25/2003,OTB,AR,Z,11,5,28,18,9,2003,3-Sep,3
9/25/2003,OTB,AP,Z,3,5,29,10,9,2003,3-Sep,3
9/25/2003,MTB,BH,Z,3,5,28,19,9,2003,3-Sep,3
9/25/2003,OTB,SH,Z,4,5,29,10,9,2003,3-Sep,3
10/3/2003,MTB,AB,Z,3,5,25,20,10,2003,3-Oct,4
10/3/2003,OTB,AR,Z,15,5,26,18,10,2003,3-Oct,4
10/3/2003,OTB,AP,Z,2,5,26,11,10,2003,3-Oct,4
10/3/2003,MTB,BH,Z,7,5,25,20,10,2003,3-Oct,4
10/3/2003,OTB,SH,Z,3,5,26,10,10,2003,3-Oct,4
10/9/2003,MTB,AB,Z,13,5,27,21,10,2003,3-Oct,4
10/9/2003,OTB,AR,Z,8,5,27,20,10,2003,3-Oct,4
10/9/2003,OTB,AP,Z,1,5,27,12,10,2003,3-Oct,4
10/9/2003,MTB,BH,Z,8,5,26,20,10,2003,3-Oct,4
10/9/2003,OTB,SH,Z,2,5,27,10,10,2003,3-Oct,4
10/16/2003,MTB,AB,Z,16,5,23,21,10,2003,3-Oct,4
10/16/2003,OTB,AR,Z,16,5,23,20,10,2003,3-Oct,4
10/16/2003,OTB,AP,Z,8,5,24,14,10,2003,3-Oct,4
10/16/2003,MTB,BH,Z,4,5,24,22,10,2003,3-Oct,4
10/16/2003,OTB,SH,Z,4,5,24,13,10,2003,3-Oct,4
10/24/2003,MTB,AB,Z,30,5,24,22,10,2003,3-Oct,4
10/24/2003,OTB,AR,Z,20,5,25,21,10,2003,3-Oct,4
10/24/2003,OTB,AP,Z,6,5,25,15,10,2003,3-Oct,4
10/24/2003,MTB,BH,Z,4,5,24,23,10,2003,3-Oct,4
10/24/2003,OTB,SH,Z,3,5,25,15,10,2003,3-Oct,4
11/4/2003,MTB,AB,Z,19,5,24,22,11,2003,3-Nov,4
11/4/2003,OTB,AR,Z,12,5,24,20,11,2003,3-Nov,4
11/4/2003,OTB,AP,Z,3,5,25,16,11,2003,3-Nov,4
11/4/2003,MTB,BH,Z,7,5,24,22,11,2003,3-Nov,4
11/4/2003,OTB,SH,Z,2,5,25,15,11,2003,3-Nov,4
11/13/2003,MTB,AB,Z,6,5,25,23,11,2003,3-Nov,4
11/13/2003,OTB,AR,Z,15,5,24,23,11,2003,3-Nov,4
11/13/2003,OTB,AP,Z,2,5,24,15,11,2003,3-Nov,4
11/13/2003,MTB,BH,Z,11,5,25,23,11,2003,3-Nov,4
11/13/2003,OTB,SH,Z,9,5,22,16,11,2003,3-Nov,4
11/20/2003,MTB,AB,Z,18,5,19,24,11,2003,3-Nov,4
11/20/2003,OTB,AR,Z,17,5,20,23,11,2003,3-Nov,4
11/20/2003,OTB,AP,Z,5,5,21,20,11,2003,3-Nov,4
11/20/2003,MTB,BH,Z,7,5,20,25,11,2003,3-Nov,4
11/20/2003,OTB,SH,Z,3,5,21,19,11,2003,3-Nov,4
11/26/2003,MTB,AB,Z,8,5,21,25,11,2003,3-Nov,4
11/26/2003,OTB,AR,Z,11,5,22,25,11,2003,3-Nov,4
11/26/2003,OTB,AP,Z,4,5,21,16,11,2003,3-Nov,4
11/26/2003,MTB,BH,Z,10,5,21,25,11,2003,3-Nov,4
11/26/2003,OTB,SH,Z,3,5,22,17,11,2003,3-Nov,4
12/2/2003,MTB,AB,Z,5,5,18,25,12,2003,3-Dec,4
12/2/2003,OTB,AR,Z,10,5,19,26,12,2003,3-Dec,4
12/2/2003,OTB,AP,Z,6,5,19,20,12,2003,3-Dec,4
12/2/2003,MTB,BH,Z,6,5,17,25,12,2003,3-Dec,4
12/2/2003,OTB,SH,Z,3,5,18,19,12,2003,3-Dec,4
12/12/2003,MTB,AB,Z,9,5,16,26,12,2003,3-Dec,4
12/12/2003,OTB,AR,Z,6,5,16,26,12,2003,3-Dec,4
12/12/2003,OTB,AP,Z,6,5,16,20,12,2003,3-Dec,4
12/12/2003,MTB,BH,Z,1,5,16,27,12,2003,3-Dec,4
12/12/2003,OTB,SH,Z,3,5,16,20,12,2003,3-Dec,4
12/16/2003,MTB,AB,Z,10,5,16,27,12,2003,3-Dec,4
12/16/2003,OTB,AR,Z,13,5,16,25,12,2003,3-Dec,4
12/16/2003,OTB,AP,Z,3,5,16,22,12,2003,3-Dec,4
12/16/2003,MTB,BH,Z,6,5,16,24,12,2003,3-Dec,4
12/16/2003,OTB,SH,Z,5,5,16,20,12,2003,3-Dec,4
12/23/2003,MTB,AB,Z,9,5,15,26,12,2003,3-Dec,4
12/23/2003,OTB,AR,Z,10,5,15,26,12,2003,3-Dec,4
12/23/2003,OTB,AP,Z,3,5,14,21,12,2003,3-Dec,4
12/23/2003,MTB,BH,Z,6,5,14,26,12,2003,3-Dec,4
12/23/2003,OTB,SH,Z,4,5,15,21,12,2003,3-Dec,4
12/29/2003,MTB,AB,Z,3,5,16,27,12,2003,3-Dec,4
12/29/2003,OTB,AR,Z,10,5,16,25,12,2003,3-Dec,4
12/29/2003,OTB,AP,Z,6,5,17,21,12,2003,3-Dec,4
12/29/2003,MTB,BH,Z,6,5,16,26,12,2003,3-Dec,4
12/29/2003,OTB,SH,Z,1,5,17,21,12,2003,3-Dec,4
1/9/2004,MTB,AB,Z,9,5,16,27,1,2004,4-Jan,1
1/9/2004,OTB,AR,Z,8,5,16,25,1,2004,4-Jan,1
1/9/2004,OTB,AP,Z,10,5,17,23,1,2004,4-Jan,1
1/9/2004,MTB,BH,Z,4,5,16,27,1,2004,4-Jan,1
1/9/2004,OTB,SH,Z,4,5,16,23,1,2004,4-Jan,1
1/15/2004,MTB,AB,Z,6,5,15,27,1,2004,4-Jan,1
1/15/2004,OTB,AR,Z,2,5,15,26,1,2004,4-Jan,1
1/15/2004,OTB,AP,Z,6,5,15,22,1,2004,4-Jan,1
1/15/2004,MTB,BH,Z,6,5,15,27,1,2004,4-Jan,1
1/15/2004,OTB,SH,Z,3,5,16,23,1,2004,4-Jan,1
1/21/2004,MTB,AB,Z,7,5,18,27,1,2004,4-Jan,1
1/21/2004,OTB,AR,Z,3,5,16,26,1,2004,4-Jan,1
1/21/2004,OTB,AP,Z,6,5,16,13,1,2004,4-Jan,1
1/21/2004,MTB,BH,Z,7,5,15,29,1,2004,4-Jan,1
1/21/2004,OTB,SH,Z,1,5,15,13,1,2004,4-Jan,1
1/29/2004,MTB,AB,Z,5,5,14,27,1,2004,4-Jan,1
1/29/2004,OTB,AR,Z,6,5,14,25,1,2004,4-Jan,1
1/29/2004,OTB,AP,Z,7,5,15,22,1,2004,4-Jan,1
1/29/2004,MTB,BH,Z,9,5,14,27,1,2004,4-Jan,1
1/29/2004,OTB,SH,Z,1,5,15,22,1,2004,4-Jan,1
2/6/2004,MTB,AB,Z,6,5,20,27,2,2004,4-Feb,1
2/6/2004,OTB,AR,Z,14,5,21,24,2,2004,4-Feb,1
2/6/2004,OTB,AP,Z,8,5,20,20,2,2004,4-Feb,1
2/6/2004,MTB,BH,Z,13,5,20,26,2,2004,4-Feb,1
2/6/2004,OTB,SH,Z,4,5,20,21,2,2004,4-Feb,1
2/11/2004,MTB,AB,Z,8,5,19,27,2,2004,4-Feb,1
2/11/2004,OTB,AR,Z,12,5,19,25,2,2004,4-Feb,1
2/11/2004,OTB,AP,Z,6,5,21,18,2,2004,4-Feb,1
2/11/2004,MTB,BH,Z,8,5,17,27,2,2004,4-Feb,1
2/11/2004,OTB,SH,Z,4,5,21,18,2,2004,4-Feb,1
2/20/2004,MTB,AB,Z,4,5,15,27,2,2004,4-Feb,1
2/20/2004,OTB,AR,Z,11,5,16,25,2,2004,4-Feb,1
2/20/2004,OTB,AP,Z,4,5,16,23,2,2004,4-Feb,1
2/20/2004,MTB,BH,Z,13,5,16,28,2,2004,4-Feb,1
2/20/2004,OTB,SH,Z,8,5,15,22,2,2004,4-Feb,1
2/26/2004,MTB,AB,Z,11,5,19,26,2,2004,4-Feb,1
2/26/2004,OTB,AR,Z,15,5,19,23,2,2004,4-Feb,1
2/26/2004,OTB,AP,Z,6,5,19,20,2,2004,4-Feb,1
2/26/2004,MTB,BH,Z,15,5,19,27,2,2004,4-Feb,1
2/26/2004,OTB,SH,Z,2,5,19,20,2,2004,4-Feb,1
3/3/2004,MTB,AB,Z,6,5,20,25,3,2004,4-Mar,1
3/3/2004,OTB,AR,Z,11,5,21,24,3,2004,4-Mar,1
3/3/2004,OTB,AP,Z,10,5,21,20,3,2004,4-Mar,1
3/3/2004,MTB,BH,Z,7,5,20,25,3,2004,4-Mar,1
3/3/2004,OTB,SH,Z,42,5,20,20,3,2004,4-Mar,1
3/12/2004,MTB,AB,Z,16,5,19,25,3,2004,4-Mar,1
3/12/2004,OTB,AR,Z,14,5,19,23,3,2004,4-Mar,1
3/12/2004,OTB,AP,Z,12,5,18,22,3,2004,4-Mar,1
3/12/2004,MTB,BH,Z,11,5,18,27,3,2004,4-Mar,1
3/12/2004,OTB,SH,Z,29,5,18,22,3,2004,4-Mar,1
3/17/2004,MTB,AB,Z,8,5,21,25,3,2004,4-Mar,1
3/17/2004,OTB,AR,Z,12,5,21,23,3,2004,4-Mar,1
3/17/2004,OTB,AP,Z,9,5,20,21,3,2004,4-Mar,1
3/17/2004,MTB,BH,Z,9,5,19,25,3,2004,4-Mar,1
3/17/2004,OTB,SH,Z,5,5,21,,3,2004,4-Mar,1
3/24/2004,MTB,AB,Z,12,5,19,25,3,2004,4-Mar,1
3/24/2004,OTB,AR,Z,13,5,18,24,3,2004,4-Mar,1
3/24/2004,OTB,AP,Z,16,5,20,22,3,2004,4-Mar,1
3/24/2004,MTB,BH,Z,9,5,18,26,3,2004,4-Mar,1
3/24/2004,OTB,SH,Z,4,5,21,20,3,2004,4-Mar,1
3/31/2004,MTB,AB,Z,1,5,,,3,2004,4-Mar,1
3/31/2004,OTB,AR,Z,8,5,23,25,3,2004,4-Mar,1
3/31/2004,OTB,AP,Z,7,5,,21,3,2004,4-Mar,1
3/31/2004,MTB,BH,Z,8,5,22,26,3,2004,4-Mar,1
3/31/2004,OTB,SH,Z,18,5,,20,3,2004,4-Mar,1
4/6/2004,MTB,AB,Z,8,5,20,25,4,2004,4-Apr,2
4/6/2004,OTB,AR,Z,11,5,20,25,4,2004,4-Apr,2
4/6/2004,OTB,AP,Z,19,5,21,23,4,2004,4-Apr,2
4/6/2004,MTB,BH,Z,4,5,20,27,4,2004,4-Apr,2
4/6/2004,OTB,SH,Z,4,5,20,23,4,2004,4-Apr,2
4/15/2004,MTB,AB,Z,6,5,19,25,4,2004,4-Apr,2
4/15/2004,OTB,AR,Z,9,5,20,24,4,2004,4-Apr,2
4/15/2004,OTB,AP,Z,9,5,19,25,4,2004,4-Apr,2
4/15/2004,MTB,BH,Z,11,5,19,27,4,2004,4-Apr,2
4/15/2004,OTB,SH,Z,8,5,19,23,4,2004,4-Apr,2
4/23/2004,MTB,AB,Z,15,5,25,24,4,2004,4-Apr,2
4/23/2004,OTB,AR,Z,8,5,24,25,4,2004,4-Apr,2
4/23/2004,OTB,AP,Z,19,5,24,22,4,2004,4-Apr,2
4/23/2004,MTB,BH,Z,5,5,25,27,4,2004,4-Apr,2
4/23/2004,OTB,SH,Z,3,5,25,,4,2004,4-Apr,2
4/30/2004,MTB,AB,Z,17,5,26,25,4,2004,4-Apr,2
4/30/2004,OTB,AR,Z,11,5,25,23,4,2004,4-Apr,2
4/30/2004,OTB,AP,Z,12,5,26,21,4,2004,4-Apr,2
4/30/2004,MTB,BH,Z,11,5,25,25,4,2004,4-Apr,2
4/30/2004,OTB,SH,Z,9,5,28,22,4,2004,4-Apr,2
5/7/2004,MTB,AB,Z,20,5,25,25,5,2004,4-May,2
5/7/2004,OTB,AR,Z,13,5,25,24,5,2004,4-May,2
5/7/2004,OTB,AP,Z,11,5,24,21,5,2004,4-May,2
5/7/2004,MTB,BH,Z,15,5,24,27,5,2004,4-May,2
5/7/2004,OTB,SH,Z,5,5,25,21,5,2004,4-May,2
5/14/2004,MTB,AB,Z,7,5,26,25,5,2004,4-May,2
5/14/2004,OTB,AR,Z,12,5,26,24,5,2004,4-May,2
5/14/2004,OTB,AP,Z,15,5,27,21,5,2004,4-May,2
5/14/2004,MTB,BH,Z,11,5,26,27,5,2004,4-May,2
5/14/2004,OTB,SH,Z,6,5,27,21,5,2004,4-May,2
5/21/2004,MTB,AB,Z,4,5,26,26,5,2004,4-May,2
5/21/2004,OTB,AR,Z,7,5,25,26,5,2004,4-May,2
5/21/2004,OTB,AP,Z,7,5,26,22,5,2004,4-May,2
5/21/2004,MTB,BH,Z,6,5,26,25,5,2004,4-May,2
5/21/2004,OTB,SH,Z,3,5,23,26,5,2004,4-May,2
5/27/2004,MTB,AB,Z,7,5,29,26,5,2004,4-May,2
5/27/2004,OTB,AR,Z,10,5,29,25,5,2004,4-May,2
5/27/2004,OTB,AP,Z,8,5,29,23,5,2004,4-May,2
5/27/2004,MTB,BH,Z,10,5,28,26,5,2004,4-May,2
5/27/2004,OTB,SH,Z,5,5,28,22,5,2004,4-May,2
6/1/2004,MTB,AB,Z,7,5,30,26,6,2004,4-Jun,2
6/1/2004,OTB,AR,Z,7,5,31,26,6,2004,4-Jun,2
6/1/2004,OTB,AP,Z,6,5,30,23,6,2004,4-Jun,2
6/1/2004,MTB,BH,Z,5,5,30,26,6,2004,4-Jun,2
6/1/2004,OTB,SH,Z,3,5,26,24,6,2004,4-Jun,2
6/8/2004,MTB,AB,Z,10,5,29,26,6,2004,4-Jun,2
6/8/2004,OTB,AR,Z,10,5,30,26,6,2004,4-Jun,2
6/8/2004,OTB,AP,Z,7,5,29,23,6,2004,4-Jun,2
6/8/2004,MTB,BH,Z,8,5,28,28,6,2004,4-Jun,2
6/8/2004,OTB,SH,Z,9,5,30,22,6,2004,4-Jun,2
6/15/2004,MTB,AB,Z,8,5,28,27,6,2004,4-Jun,2
6/15/2004,OTB,AR,Z,7,5,29,25,6,2004,4-Jun,2
6/15/2004,OTB,AP,Z,15,5,30,21,6,2004,4-Jun,2
6/15/2004,MTB,BH,Z,3,5,29,27,6,2004,4-Jun,2
6/15/2004,OTB,SH,Z,13,5,30,21,6,2004,4-Jun,2
6/24/2004,MTB,AB,Z,10,5,31,25,6,2004,4-Jun,2
6/24/2004,OTB,AR,Z,13,5,30,25,6,2004,4-Jun,2
6/24/2004,OTB,AP,Z,13,5,30,22,6,2004,4-Jun,2
6/24/2004,MTB,BH,Z,7,5,29,28,6,2004,4-Jun,2
6/24/2004,OTB,SH,Z,2,5,30,21,6,2004,4-Jun,2
6/29/2004,MTB,AB,Z,14,5,30,26,6,2004,4-Jun,2
6/29/2004,OTB,AR,Z,8,5,30,24,6,2004,4-Jun,2
6/29/2004,OTB,AP,Z,6,5,29,23,6,2004,4-Jun,2
6/29/2004,MTB,BH,Z,13,5,30,27,6,2004,4-Jun,2
6/29/2004,OTB,SH,Z,3,5,30,21,6,2004,4-Jun,2
7/8/2004,MTB,AB,Z,11,5,29,25,7,2004,4-Jul,3
7/8/2004,OTB,AR,Z,12,5,31,26,7,2004,4-Jul,3
7/8/2004,OTB,AP,Z,9,5,30,21,7,2004,4-Jul,3
7/8/2004,MTB,BH,Z,8,5,30,27,7,2004,4-Jul,3
7/8/2004,OTB,SH,Z,5,5,31,20,7,2004,4-Jul,3
7/13/2004,MTB,AB,Z,7,5,31,26,7,2004,4-Jul,3
7/13/2004,OTB,AR,Z,13,5,31,25,7,2004,4-Jul,3
7/13/2004,OTB,AP,Z,5,5,31,22,7,2004,4-Jul,3
7/13/2004,MTB,BH,Z,7,5,31,27,7,2004,4-Jul,3
7/13/2004,OTB,SH,Z,1,5,31,20,7,2004,4-Jul,3
7/20/2004,MTB,AB,Z,7,5,27,25,7,2004,4-Jul,3
7/20/2004,OTB,AR,Z,16,5,28,24,7,2004,4-Jul,3
7/20/2004,OTB,AP,Z,6,5,28,21,7,2004,4-Jul,3
7/20/2004,MTB,BH,Z,8,5,28,28,7,2004,4-Jul,3
7/20/2004,OTB,SH,Z,1,5,27,20,7,2004,4-Jul,3
7/29/2004,MTB,AB,Z,6,5,30,24,7,2004,4-Jul,3
7/29/2004,OTB,AR,Z,14,5,29,21,7,2004,4-Jul,3
7/29/2004,OTB,AP,Z,4,5,29,20,7,2004,4-Jul,3
7/29/2004,MTB,BH,Z,7,5,29,24,7,2004,4-Jul,3
7/29/2004,OTB,SH,Z,1,5,29,16,7,2004,4-Jul,3
8/6/2004,MTB,AB,Z,4,5,28,22,8,2004,4-Aug,3
8/6/2004,OTB,AR,Z,6,5,29,17,8,2004,4-Aug,3
8/6/2004,OTB,AP,Z,5,5,30,17,8,2004,4-Aug,3
8/6/2004,MTB,BH,Z,9,5,28,25,8,2004,4-Aug,3
8/6/2004,OTB,SH,Z,4,5,30,17,8,2004,4-Aug,3
8/12/2004,MTB,AB,Z,1,5,31,21,8,2004,4-Aug,3
8/12/2004,OTB,AR,Z,2,5,31,17,8,2004,4-Aug,3
8/12/2004,OTB,AP,Z,4,5,30,16,8,2004,4-Aug,3
8/12/2004,MTB,BH,Z,14,5,30,22,8,2004,4-Aug,3
8/12/2004,OTB,SH,Z,7,5,,,8,2004,4-Aug,3
8/19/2004,MTB,AB,Z,3,5,29,20,8,2004,4-Aug,3
8/19/2004,OTB,AR,Z,5,5,30,17,8,2004,4-Aug,3
8/19/2004,OTB,AP,Z,2,5,,16,8,2004,4-Aug,3
8/19/2004,MTB,BH,Z,7,5,29,23,8,2004,4-Aug,3
8/19/2004,OTB,SH,Z,1,5,30,14,8,2004,4-Aug,3
8/24/2004,MTB,AB,Z,1,5,30,19,8,2004,4-Aug,3
8/24/2004,OTB,AR,Z,0,5,29,17,8,2004,4-Aug,3
8/24/2004,OTB,AP,Z,1,5,29,17,8,2004,4-Aug,3
8/24/2004,MTB,BH,Z,4,5,29,21,8,2004,4-Aug,3
8/24/2004,OTB,SH,Z,6,5,30,15,8,2004,4-Aug,3
8/31/2004,MTB,AB,Z,3,5,30,17,8,2004,4-Aug,3
8/31/2004,OTB,AR,Z,0,5,30,15,8,2004,4-Aug,3
8/31/2004,OTB,AP,Z,6,5,30,15,8,2004,4-Aug,3
8/31/2004,MTB,BH,Z,8,5,30,20,8,2004,4-Aug,3
8/31/2004,OTB,SH,Z,5,5,30,15,8,2004,4-Aug,3
9/9/2004,MTB,AB,Z,2,5,28,15,9,2004,4-Sep,3
9/9/2004,OTB,AR,Z,7,5,28,14,9,2004,4-Sep,3
9/9/2004,OTB,AP,Z,4,5,27,15,9,2004,4-Sep,3
9/9/2004,MTB,BH,Z,6,5,28,20,9,2004,4-Sep,3
9/9/2004,OTB,SH,Z,9,5,28,10,9,2004,4-Sep,3
9/17/2004,MTB,AB,Z,6,5,29,17,9,2004,4-Sep,3
9/17/2004,OTB,AR,Z,10,5,28,15,9,2004,4-Sep,3
9/17/2004,OTB,AP,Z,4,5,28,13,9,2004,4-Sep,3
9/17/2004,MTB,BH,Z,5,5,28,16,9,2004,4-Sep,3
9/17/2004,OTB,SH,Z,9,5,28,11,9,2004,4-Sep,3
9/24/2004,MTB,AB,Z,9,5,26,17,9,2004,4-Sep,3
9/24/2004,OTB,AR,Z,7,5,26,17,9,2004,4-Sep,3
9/24/2004,OTB,AP,Z,9,5,26,11,9,2004,4-Sep,3
9/24/2004,MTB,BH,Z,5,5,25,17,9,2004,4-Sep,3
9/24/2004,OTB,SH,Z,8,5,26,11,9,2004,4-Sep,3
9/30/2004,MTB,AB,Z,0,5,27,17,9,2004,4-Sep,3
9/30/2004,OTB,AR,Z,8,5,28,15,9,2004,4-Sep,3
9/30/2004,OTB,AP,Z,6,5,,,9,2004,4-Sep,3
9/30/2004,MTB,BH,Z,7,5,26,19,9,2004,4-Sep,3
9/30/2004,OTB,SH,Z,6,5,29,5,9,2004,4-Sep,3
10/5/2004,MTB,AB,Z,2,5,28,16,10,2004,4-Oct,4
10/5/2004,OTB,AR,Z,10,5,28,26,10,2004,4-Oct,4
10/5/2004,OTB,AP,Z,4,5,28,12,10,2004,4-Oct,4
10/5/2004,MTB,BH,Z,8,5,28,16,10,2004,4-Oct,4
10/5/2004,OTB,SH,Z,4,5,29,11,10,2004,4-Oct,4
10/14/2004,MTB,AB,Z,11,5,25,19,10,2004,4-Oct,4
10/14/2004,OTB,AR,Z,20,5,26,17,10,2004,4-Oct,4
10/14/2004,OTB,AP,Z,8,5,,,10,2004,4-Oct,4
10/14/2004,MTB,BH,Z,6,5,26,19,10,2004,4-Oct,4
10/14/2004,OTB,SH,Z,14,5,25,11,10,2004,4-Oct,4
10/21/2004,MTB,AB,Z,3,5,27,17,10,2004,4-Oct,4
10/21/2004,OTB,AR,Z,44,5,27,16,10,2004,4-Oct,4
10/21/2004,OTB,AP,Z,11,5,27,12,10,2004,4-Oct,4
10/21/2004,MTB,BH,Z,11,5,26,19,10,2004,4-Oct,4
10/21/2004,OTB,SH,Z,7,5,27,13,10,2004,4-Oct,4
10/28/2004,MTB,AB,Z,17,5,24,20,10,2004,4-Oct,4
10/28/2004,OTB,AR,Z,58,5,24,20,10,2004,4-Oct,4
10/28/2004,OTB,AP,Z,19,5,,,10,2004,4-Oct,4
10/28/2004,MTB,BH,Z,14,5,24,20,10,2004,4-Oct,4
10/28/2004,OTB,SH,Z,7,5,24,13,10,2004,4-Oct,4
11/4/2004,MTB,AB,Z,21,5,26,20,11,2004,4-Nov,4
11/4/2004,OTB,AR,Z,39,5,26,20,11,2004,4-Nov,4
11/4/2004,OTB,AP,Z,23,5,26,14,11,2004,4-Nov,4
11/4/2004,MTB,BH,Z,9,5,26,19,11,2004,4-Nov,4
11/4/2004,OTB,SH,Z,38,5,26,14,11,2004,4-Nov,4
11/12/2004,MTB,AB,Z,29,5,23,23,11,2004,4-Nov,4
11/12/2004,OTB,AR,Z,39,5,23,23,11,2004,4-Nov,4
11/12/2004,OTB,AP,Z,47,5,23,16,11,2004,4-Nov,4
11/12/2004,MTB,BH,Z,7,5,23,23,11,2004,4-Nov,4
11/12/2004,OTB,SH,Z,36,5,23,16,11,2004,4-Nov,4
11/17/2004,MTB,AB,Z,9,5,22,24,11,2004,4-Nov,4
11/17/2004,OTB,AR,Z,29,5,21,22,11,2004,4-Nov,4
11/17/2004,OTB,AP,Z,23,5,24,15,11,2004,4-Nov,4
11/17/2004,MTB,BH,Z,7,5,21,23,11,2004,4-Nov,4
11/17/2004,OTB,SH,Z,25,5,22,16,11,2004,4-Nov,4
11/23/2004,MTB,AB,Z,22,5,23,24,11,2004,4-Nov,4
11/23/2004,OTB,AR,Z,18,5,23,22,11,2004,4-Nov,4
11/23/2004,OTB,AP,Z,28,5,22,17,11,2004,4-Nov,4
11/23/2004,MTB,BH,Z,6,5,22,25,11,2004,4-Nov,4
11/23/2004,OTB,SH,Z,6,5,23,16,11,2004,4-Nov,4
12/1/2004,MTB,AB,Z,20,5,21,27,12,2004,4-Dec,4
12/1/2004,OTB,AR,Z,36,5,22,25,12,2004,4-Dec,4
12/1/2004,OTB,AP,Z,8,5,21,20,12,2004,4-Dec,4
12/1/2004,MTB,BH,Z,9,5,21,27,12,2004,4-Dec,4
12/1/2004,OTB,SH,Z,6,5,22,20,12,2004,4-Dec,4
12/9/2004,MTB,AB,Z,23,5,22,24,12,2004,4-Dec,4
12/9/2004,OTB,AR,Z,24,5,22,23,12,2004,4-Dec,4
12/9/2004,OTB,AP,Z,8,5,22,24,12,2004,4-Dec,4
12/9/2004,MTB,BH,Z,7,5,21,24,12,2004,4-Dec,4
12/9/2004,OTB,SH,Z,6,5,23,17,12,2004,4-Dec,4
12/17/2004,MTB,AB,Z,5,5,15,25,12,2004,4-Dec,4
12/17/2004,OTB,AR,Z,4,5,16,25,12,2004,4-Dec,4
12/17/2004,OTB,AP,Z,7,5,15,21,12,2004,4-Dec,4
12/17/2004,MTB,BH,Z,3,5,15,26,12,2004,4-Dec,4
12/17/2004,OTB,SH,Z,2,5,14,20,12,2004,4-Dec,4
12/22/2004,MTB,AB,Z,5,5,16,27,12,2004,4-Dec,4
12/22/2004,OTB,AR,Z,5,5,16,25,12,2004,4-Dec,4
12/22/2004,OTB,AP,Z,7,5,14,20,12,2004,4-Dec,4
12/22/2004,MTB,BH,Z,4,5,16,25,12,2004,4-Dec,4
12/22/2004,OTB,SH,Z,4,5,13,20,12,2004,4-Dec,4
12/29/2004,MTB,AB,Z,3,5,14,27,12,2004,4-Dec,4
12/29/2004,OTB,AR,Z,4,5,14,27,12,2004,4-Dec,4
12/29/2004,OTB,AP,Z,2,5,14,20,12,2004,4-Dec,4
12/29/2004,MTB,BH,Z,0,5,14,26,12,2004,4-Dec,4
12/29/2004,OTB,SH,Z,1,5,14,21,12,2004,4-Dec,4
1/4/2005,MTB,BH,67,0,1,18,25,1,2005,5-Jan,1
1/4/2005,MTB,BH,36,0,1,18,25,1,2005,5-Jan,1
1/4/2005,MTB,BH,76b,0,1,18,25,1,2005,5-Jan,1
1/4/2005,MTB,BH,61,0,1,18,25,1,2005,5-Jan,1
1/4/2005,MTB,BH,40,1,1,18,25,1,2005,5-Jan,1
1/4/2005,MTB,AB,95,1,1,17,25,1,2005,5-Jan,1
1/4/2005,MTB,AB,86,1,1,17,25,1,2005,5-Jan,1
1/4/2005,MTB,AB,32,1,1,17,25,1,2005,5-Jan,1
1/4/2005,MTB,AB,8,1,1,17,25,1,2005,5-Jan,1
1/4/2005,MTB,AB,77b,0,1,17,25,1,2005,5-Jan,1
1/4/2005,OTB,AR,79b,1,1,17,25,1,2005,5-Jan,1
1/4/2005,OTB,AR,47,1,1,17,25,1,2005,5-Jan,1
1/4/2005,OTB,AR,76,3,1,17,25,1,2005,5-Jan,1
1/4/2005,OTB,AR,80b,1,1,17,25,1,2005,5-Jan,1
1/4/2005,OTB,AP,43,0,1,18,19,1,2005,5-Jan,1
1/4/2005,OTB,AP,47,1,1,18,19,1,2005,5-Jan,1
1/4/2005,OTB,AP,27,1,1,18,19,1,2005,5-Jan,1
1/4/2005,OTB,AP,49,2,1,18,19,1,2005,5-Jan,1
1/4/2005,OTB,AP,38,1,1,18,19,1,2005,5-Jan,1
1/4/2005,OTB,SH,272a,1,1,19,19,1,2005,5-Jan,1
1/4/2005,OTB,SH,96,1,1,19,19,1,2005,5-Jan,1
1/4/2005,OTB,SH,48,0,1,19,19,1,2005,5-Jan,1
1/4/2005,OTB,SH,88B,0,1,19,19,1,2005,5-Jan,1
1/4/2005,OTB,SH,35,0,1,19,19,1,2005,5-Jan,1
1/11/2005,MTB,BH,76B,0,1,19,26,1,2005,5-Jan,1
1/11/2005,MTB,BH,61,0,1,19,26,1,2005,5-Jan,1
1/11/2005,MTB,BH,40,3,1,19,26,1,2005,5-Jan,1
1/11/2005,MTB,BH,67,0,1,19,26,1,2005,5-Jan,1
1/11/2005,MTB,BH,36,1,1,19,26,1,2005,5-Jan,1
1/11/2005,MTB,AB,77B,1,1,21,25,1,2005,5-Jan,1
1/11/2005,MTB,AB,8,2,1,21,25,1,2005,5-Jan,1
1/11/2005,MTB,AB,32,3,1,21,25,1,2005,5-Jan,1
1/11/2005,MTB,AB,86,3,1,21,25,1,2005,5-Jan,1
1/11/2005,MTB,AB,95,1,1,21,25,1,2005,5-Jan,1
1/11/2005,OTB,AR,79B,2,1,20,25,1,2005,5-Jan,1
1/11/2005,OTB,AR,47,0,1,20,25,1,2005,5-Jan,1
1/11/2005,OTB,AR,34,3,1,20,25,1,2005,5-Jan,1
1/11/2005,OTB,AR,88,2,1,20,25,1,2005,5-Jan,1
1/11/2005,OTB,AR,41,2,1,20,25,1,2005,5-Jan,1
1/11/2005,OTB,AP,43,1,1,21,20,1,2005,5-Jan,1
1/11/2005,OTB,AP,47,3,1,21,20,1,2005,5-Jan,1
1/11/2005,OTB,AP,27,2,1,21,20,1,2005,5-Jan,1
1/11/2005,OTB,AP,49,1,1,21,20,1,2005,5-Jan,1
1/11/2005,OTB,AP,38,1,1,21,20,1,2005,5-Jan,1
1/11/2005,OTB,SH,72A,0,1,22,20,1,2005,5-Jan,1
1/11/2005,OTB,SH,X,3,1,22,20,1,2005,5-Jan,1
1/11/2005,OTB,SH,48,3,1,22,20,1,2005,5-Jan,1
1/11/2005,OTB,SH,88B,2,1,22,20,1,2005,5-Jan,1
1/11/2005,OTB,SH,35,1,1,22,20,1,2005,5-Jan,1
1/20/2005,MTB,BH,67,1,1,14,28,1,2005,5-Jan,1
1/20/2005,MTB,BH,36,1,1,14,28,1,2005,5-Jan,1
1/20/2005,MTB,BH,76B,0,1,14,28,1,2005,5-Jan,1
1/20/2005,MTB,BH,40,0,1,14,28,1,2005,5-Jan,1
1/20/2005,MTB,BH,61,0,1,14,28,1,2005,5-Jan,1
1/20/2005,MTB,AB,95,1,1,15,27,1,2005,5-Jan,1
1/20/2005,MTB,AB,86,2,1,15,27,1,2005,5-Jan,1
1/20/2005,MTB,AB,32,3,1,15,27,1,2005,5-Jan,1
1/20/2005,MTB,AB,8,2,1,15,27,1,2005,5-Jan,1
1/20/2005,MTB,AB,77B,1,1,15,27,1,2005,5-Jan,1
1/20/2005,OTB,AR,79B,2,1,15,26,1,2005,5-Jan,1
1/20/2005,OTB,AR,47,2,1,15,26,1,2005,5-Jan,1
1/20/2005,OTB,AR,34,3,1,15,26,1,2005,5-Jan,1
1/20/2005,OTB,AR,80,1,1,15,26,1,2005,5-Jan,1
1/20/2005,OTB,AR,41,2,1,15,26,1,2005,5-Jan,1
1/20/2005,OTB,AP,49,2,1,15,23,1,2005,5-Jan,1
1/20/2005,OTB,AP,38,4,1,15,23,1,2005,5-Jan,1
1/20/2005,OTB,AP,27,1,1,15,23,1,2005,5-Jan,1
1/20/2005,OTB,AP,47,1,1,15,23,1,2005,5-Jan,1
1/20/2005,OTB,AP,46,2,1,15,23,1,2005,5-Jan,1
1/20/2005,OTB,SH,77B,1,1,14,21,1,2005,5-Jan,1
1/20/2005,OTB,SH,96,3,1,14,21,1,2005,5-Jan,1
1/20/2005,OTB,SH,48,3,1,14,21,1,2005,5-Jan,1
1/20/2005,OTB,SH,88B,0,1,14,21,1,2005,5-Jan,1
1/20/2005,OTB,SH,35,2,1,14,21,1,2005,5-Jan,1
1/26/2005,MTB,BH,36,1,1,14,28,1,2005,5-Jan,1
1/26/2005,MTB,BH,61,0,1,14,28,1,2005,5-Jan,1
1/26/2005,MTB,BH,40,1,1,14,28,1,2005,5-Jan,1
1/26/2005,MTB,BH,76B,1,1,14,28,1,2005,5-Jan,1
1/26/2005,MTB,AB,95,0,1,15,26,1,2005,5-Jan,1
1/26/2005,MTB,AB,86,1,1,15,26,1,2005,5-Jan,1
1/26/2005,MTB,AB,32,3,1,15,26,1,2005,5-Jan,1
1/26/2005,MTB,AB,8,2,1,15,26,1,2005,5-Jan,1
1/26/2005,MTB,AB,77B,1,1,15,26,1,2005,5-Jan,1
1/26/2005,OTB,AR,79B,1,1,16,25,1,2005,5-Jan,1
1/26/2005,OTB,AR,47,1,1,16,25,1,2005,5-Jan,1
1/26/2005,OTB,AR,34,1,1,16,25,1,2005,5-Jan,1
1/26/2005,OTB,AR,80B,2,1,16,25,1,2005,5-Jan,1
1/26/2005,OTB,AR,41,3,1,16,25,1,2005,5-Jan,1
1/26/2005,OTB,AP,49,1,1,16,23,1,2005,5-Jan,1
1/26/2005,OTB,AP,38,0,1,16,23,1,2005,5-Jan,1
1/26/2005,OTB,AP,81B,0,1,16,23,1,2005,5-Jan,1
1/26/2005,OTB,AP,43,0,1,16,23,1,2005,5-Jan,1
1/26/2005,OTB,AP,46,0,1,16,23,1,2005,5-Jan,1
1/26/2005,OTB,SH,72A,1,1,16,23,1,2005,5-Jan,1
1/26/2005,OTB,SH,96,0,1,16,23,1,2005,5-Jan,1
1/26/2005,OTB,SH,38,1,1,16,23,1,2005,5-Jan,1
1/26/2005,OTB,SH,88B,3,1,16,23,1,2005,5-Jan,1
1/26/2005,OTB,SH,35,0,1,16,23,1,2005,5-Jan,1
2/3/2005,MTB,BH,26,1,1,18,28,2,2005,5-Feb,1
2/3/2005,MTB,BH,76B,0,1,18,28,2,2005,5-Feb,1
2/3/2005,MTB,BH,40,0,1,18,28,2,2005,5-Feb,1
2/3/2005,MTB,BH,61,1,1,18,28,2,2005,5-Feb,1
2/3/2005,MTB,BH,36,0,1,18,28,2,2005,5-Feb,1
2/3/2005,MTB,AB,95,0,1,18,27,2,2005,5-Feb,1
2/3/2005,MTB,AB,86,2,1,18,27,2,2005,5-Feb,1
2/3/2005,MTB,AB,32,1,1,18,27,2,2005,5-Feb,1
2/3/2005,MTB,AB,8,2,1,18,27,2,2005,5-Feb,1
2/3/2005,MTB,AB,77B,1,1,18,27,2,2005,5-Feb,1
2/3/2005,OTB,AR,79B,3,1,18,25,2,2005,5-Feb,1
2/3/2005,OTB,AR,47,1,1,18,25,2,2005,5-Feb,1
2/3/2005,OTB,AR,34,1,1,18,25,2,2005,5-Feb,1
2/3/2005,OTB,AR,80B,0,1,18,25,2,2005,5-Feb,1
2/3/2005,OTB,AR,41,1,1,18,25,2,2005,5-Feb,1
2/3/2005,OTB,AP,43,0,1,19,22,2,2005,5-Feb,1
2/3/2005,OTB,AP,81B,2,1,19,22,2,2005,5-Feb,1
2/3/2005,OTB,AP,38,2,1,19,22,2,2005,5-Feb,1
2/3/2005,OTB,AP,49,5,1,19,22,2,2005,5-Feb,1
2/3/2005,OTB,AP,46,3,1,19,22,2,2005,5-Feb,1
2/3/2005,OTB,SH,72A,1,1,19,23,2,2005,5-Feb,1
2/3/2005,OTB,SH,96,0,1,19,23,2,2005,5-Feb,1
2/3/2005,OTB,SH,48,2,1,19,23,2,2005,5-Feb,1
2/3/2005,OTB,SH,88B,2,1,19,23,2,2005,5-Feb,1
2/3/2005,OTB,SH,35,3,1,19,23,2,2005,5-Feb,1
2/8/2005,MTB,BH,36,0,1,17,27,2,2005,5-Feb,1
2/8/2005,MTB,BH,61,2,1,17,27,2,2005,5-Feb,1
2/8/2005,MTB,BH,40,4,1,17,27,2,2005,5-Feb,1
2/8/2005,MTB,BH,76B,0,1,17,27,2,2005,5-Feb,1
2/8/2005,MTB,BH,26,2,1,17,27,2,2005,5-Feb,1
2/8/2005,MTB,AB,77B,1,1,17,26,2,2005,5-Feb,1
2/8/2005,MTB,AB,8,2,1,17,26,2,2005,5-Feb,1
2/8/2005,MTB,AB,32,1,1,17,26,2,2005,5-Feb,1
2/8/2005,MTB,AB,86,0,1,17,26,2,2005,5-Feb,1
2/8/2005,MTB,AB,95,0,1,17,26,2,2005,5-Feb,1
2/8/2005,OTB,AR,79B,1,1,17,26,2,2005,5-Feb,1
2/8/2005,OTB,AR,47,1,1,17,26,2,2005,5-Feb,1
2/8/2005,OTB,AR,34,1,1,17,26,2,2005,5-Feb,1
2/8/2005,OTB,AR,80B,1,1,17,26,2,2005,5-Feb,1
2/8/2005,OTB,AR,41,1,1,17,26,2,2005,5-Feb,1
2/8/2005,OTB,AP,43,2,1,18,24,2,2005,5-Feb,1
2/8/2005,OTB,AP,81B,3,1,18,24,2,2005,5-Feb,1
2/8/2005,OTB,AP,38,0,1,18,24,2,2005,5-Feb,1
2/8/2005,OTB,AP,49,2,1,18,24,2,2005,5-Feb,1
2/8/2005,OTB,AP,46,0,1,18,24,2,2005,5-Feb,1
2/8/2005,OTB,SH,72A,1,1,18,23,2,2005,5-Feb,1
2/8/2005,OTB,SH,96,1,1,18,23,2,2005,5-Feb,1
2/8/2005,OTB,SH,48,1,1,18,23,2,2005,5-Feb,1
2/8/2005,OTB,SH,88B,0,1,18,23,2,2005,5-Feb,1
2/8/2005,OTB,SH,35,3,1,18,23,2,2005,5-Feb,1
2/17/2005,OTB,AR,79B,3,1,20,26,2,2005,5-Feb,1
2/17/2005,OTB,AR,47,1,1,20,26,2,2005,5-Feb,1
2/17/2005,OTB,AR,34,3,1,20,26,2,2005,5-Feb,1
2/17/2005,OTB,AR,80B,1,1,20,26,2,2005,5-Feb,1
2/17/2005,OTB,AR,41,2,1,20,26,2,2005,5-Feb,1
2/17/2005,OTB,AP,43,2,1,20,24,2,2005,5-Feb,1
2/17/2005,OTB,AP,81B,2,1,20,24,2,2005,5-Feb,1
2/17/2005,OTB,AP,54,1,1,20,24,2,2005,5-Feb,1
2/17/2005,OTB,AP,39,0,1,20,24,2,2005,5-Feb,1
2/17/2005,OTB,AP,46,0,1,20,24,2,2005,5-Feb,1
2/17/2005,OTB,SH,72B,1,1,19,25,2,2005,5-Feb,1
2/17/2005,OTB,SH,96,1,1,19,25,2,2005,5-Feb,1
2/17/2005,OTB,SH,48,0,1,19,25,2,2005,5-Feb,1
2/17/2005,OTB,SH,88B,0,1,19,25,2,2005,5-Feb,1
2/17/2005,OTB,SH,35,1,1,19,25,2,2005,5-Feb,1
2/17/2005,MTB,BH,36,2,1,18,27,2,2005,5-Feb,1
2/17/2005,MTB,BH,61,0,1,18,27,2,2005,5-Feb,1
2/17/2005,MTB,BH,40,0,1,18,27,2,2005,5-Feb,1
2/17/2005,MTB,BH,76B,1,1,18,27,2,2005,5-Feb,1
2/17/2005,MTB,BH,26,3,1,18,27,2,2005,5-Feb,1
2/17/2005,MTB,AB,95,3,1,18,27,2,2005,5-Feb,1
2/17/2005,MTB,AB,86,2,1,18,27,2,2005,5-Feb,1
2/17/2005,MTB,AB,32,2,1,18,27,2,2005,5-Feb,1
2/17/2005,MTB,AB,8,2,1,18,27,2,2005,5-Feb,1
2/17/2005,MTB,AB,77B,1,1,18,27,2,2005,5-Feb,1
2/23/2005,MTB,BH,36,1,1,19,28,2,2005,5-Feb,1
2/23/2005,MTB,BH,61,1,1,19,28,2,2005,5-Feb,1
2/23/2005,MTB,BH,40,1,1,19,28,2,2005,5-Feb,1
2/23/2005,MTB,BH,76B,0,1,19,28,2,2005,5-Feb,1
2/23/2005,MTB,BH,26,1,1,19,28,2,2005,5-Feb,1
2/23/2005,MTB,AB,77B,3,1,21,26,2,2005,5-Feb,1
2/23/2005,MTB,AB,8,1,1,21,26,2,2005,5-Feb,1
2/23/2005,MTB,AB,32,1,1,21,26,2,2005,5-Feb,1
2/23/2005,MTB,AB,86,2,1,21,26,2,2005,5-Feb,1
2/23/2005,MTB,AB,95,2,1,21,26,2,2005,5-Feb,1
2/23/2005,OTB,AR,79B,1,1,21,25,2,2005,5-Feb,1
2/23/2005,OTB,AR,47,2,1,21,25,2,2005,5-Feb,1
2/23/2005,OTB,AR,34,2,1,21,25,2,2005,5-Feb,1
2/23/2005,OTB,AR,80B,0,1,21,25,2,2005,5-Feb,1
2/23/2005,OTB,AR,41,1,1,21,25,2,2005,5-Feb,1
2/23/2005,OTB,AP,54,1,1,20,23,2,2005,5-Feb,1
2/23/2005,OTB,AP,39,0,1,20,23,2,2005,5-Feb,1
2/23/2005,OTB,AP,46,0,1,20,23,2,2005,5-Feb,1
2/23/2005,OTB,AP,81B,0,1,20,23,2,2005,5-Feb,1
2/23/2005,OTB,AP,43,4,1,20,23,2,2005,5-Feb,1
2/23/2005,OTB,SH,72A,1,1,21,23,2,2005,5-Feb,1
2/23/2005,OTB,SH,96,1,1,21,23,2,2005,5-Feb,1
2/23/2005,OTB,SH,48,2,1,21,23,2,2005,5-Feb,1
2/23/2005,OTB,SH,88B,2,1,21,23,2,2005,5-Feb,1
2/23/2005,OTB,SH,35,4,1,21,23,2,2005,5-Feb,1
3/4/2005,MTB,BH,40,3,1,15,29,3,2005,5-Mar,1
3/4/2005,MTB,BH,76B,1,1,15,29,3,2005,5-Mar,1
3/4/2005,MTB,BH,26,1,1,15,29,3,2005,5-Mar,1
3/4/2005,MTB,BH,61,1,1,15,29,3,2005,5-Mar,1
3/4/2005,MTB,BH,36,2,1,15,29,3,2005,5-Mar,1
3/4/2005,OTB,AR,79B,1,1,16,25,3,2005,5-Mar,1
3/4/2005,OTB,AR,34,3,1,16,25,3,2005,5-Mar,1
3/4/2005,OTB,AR,80B,2,1,16,25,3,2005,5-Mar,1
3/4/2005,OTB,AR,41,0,1,16,25,3,2005,5-Mar,1
3/4/2005,MTB,AB,77B,2,1,17,25,3,2005,5-Mar,1
3/4/2005,MTB,AB,8,2,1,17,25,3,2005,5-Mar,1
3/4/2005,MTB,AB,32,1,1,17,25,3,2005,5-Mar,1
3/4/2005,MTB,AB,86,4,1,17,25,3,2005,5-Mar,1
3/4/2005,MTB,AB,95,3,1,17,25,3,2005,5-Mar,1
3/4/2005,OTB,AP,54,4,1,17,24,3,2005,5-Mar,1
3/4/2005,OTB,AP,39,6,1,17,24,3,2005,5-Mar,1
3/4/2005,OTB,AP,46,3,1,17,24,3,2005,5-Mar,1
3/4/2005,OTB,AP,81B,5,1,17,24,3,2005,5-Mar,1
3/4/2005,OTB,AP,43,4,1,17,24,3,2005,5-Mar,1
3/4/2005,OTB,SH,72A,2,1,12,22,3,2005,5-Mar,1
3/4/2005,OTB,SH,96,0,1,12,22,3,2005,5-Mar,1
3/4/2005,OTB,SH,48,0,1,12,22,3,2005,5-Mar,1
3/4/2005,OTB,SH,88B,2,1,12,22,3,2005,5-Mar,1
3/4/2005,OTB,SH,35,4,1,12,22,3,2005,5-Mar,1
3/10/2005,MTB,BH,36,2,1,16,28,3,2005,5-Mar,1
3/10/2005,MTB,BH,61,0,1,16,28,3,2005,5-Mar,1
3/10/2005,MTB,BH,40,2,1,16,28,3,2005,5-Mar,1
3/10/2005,MTB,BH,76B,1,1,16,28,3,2005,5-Mar,1
3/10/2005,MTB,BH,26,4,1,16,28,3,2005,5-Mar,1
3/10/2005,MTB,AB,77B,2,1,16,26,3,2005,5-Mar,1
3/10/2005,MTB,AB,8,4,1,16,26,3,2005,5-Mar,1
3/10/2005,MTB,AB,32,2,1,16,26,3,2005,5-Mar,1
3/10/2005,MTB,AB,86,3,1,16,26,3,2005,5-Mar,1
3/10/2005,MTB,AB,95,5,1,16,26,3,2005,5-Mar,1
3/10/2005,OTB,AR,79B,2,1,17,26,3,2005,5-Mar,1
3/10/2005,OTB,AR,34,3,1,17,26,3,2005,5-Mar,1
3/10/2005,OTB,AR,80B,4,1,17,26,3,2005,5-Mar,1
3/10/2005,OTB,AR,41,2,1,17,26,3,2005,5-Mar,1
3/10/2005,OTB,AP,39,2,1,16,23,3,2005,5-Mar,1
3/10/2005,OTB,AP,54,4,1,16,23,3,2005,5-Mar,1
3/10/2005,OTB,AP,46,4,1,16,23,3,2005,5-Mar,1
3/10/2005,OTB,AP,81B,4,1,16,23,3,2005,5-Mar,1
3/10/2005,OTB,AP,33,4,1,16,23,3,2005,5-Mar,1
3/10/2005,OTB,SH,72A,1,1,16,24,3,2005,5-Mar,1
3/10/2005,OTB,SH,96,2,1,16,24,3,2005,5-Mar,1
3/10/2005,OTB,SH,48,1,1,16,24,3,2005,5-Mar,1
3/10/2005,OTB,SH,88B,2,1,16,24,3,2005,5-Mar,1
3/10/2005,OTB,SH,35,1,1,16,24,3,2005,5-Mar,1
3/15/2005,MTB,BH,26,2,1,20,27,3,2005,5-Mar,1
3/15/2005,MTB,BH,76B,1,1,20,27,3,2005,5-Mar,1
3/15/2005,MTB,BH,40,4,1,20,27,3,2005,5-Mar,1
3/15/2005,MTB,BH,61,1,1,20,27,3,2005,5-Mar,1
3/15/2005,MTB,BH,36,2,1,20,27,3,2005,5-Mar,1
3/15/2005,MTB,AB,95,2,1,20,26,3,2005,5-Mar,1
3/15/2005,MTB,AB,86,2,1,20,26,3,2005,5-Mar,1
3/15/2005,MTB,AB,32,0,1,20,26,3,2005,5-Mar,1
3/15/2005,MTB,AB,8,3,1,20,26,3,2005,5-Mar,1
3/15/2005,MTB,AB,77B,1,1,20,26,3,2005,5-Mar,1
3/15/2005,OTB,AR,82B,0,1,21,25,3,2005,5-Mar,1
3/15/2005,OTB,AR,79B,1,1,21,25,3,2005,5-Mar,1
3/15/2005,OTB,AR,34,2,1,21,25,3,2005,5-Mar,1
3/15/2005,OTB,AR,80B,0,1,21,25,3,2005,5-Mar,1
3/15/2005,OTB,AR,41,1,1,21,25,3,2005,5-Mar,1
3/15/2005,OTB,AP,54,3,1,20,25,3,2005,5-Mar,1
3/15/2005,OTB,AP,39,2,1,20,25,3,2005,5-Mar,1
3/15/2005,OTB,AP,46,1,1,20,25,3,2005,5-Mar,1
3/15/2005,OTB,AP,81B,1,1,20,25,3,2005,5-Mar,1
3/15/2005,OTB,AP,43,3,1,20,25,3,2005,5-Mar,1
3/15/2005,OTB,SH,72,3,1,21,23,3,2005,5-Mar,1
3/15/2005,OTB,SH,96,2,1,21,23,3,2005,5-Mar,1
3/15/2005,OTB,SH,48,1,1,21,23,3,2005,5-Mar,1
3/15/2005,OTB,SH,35,4,1,21,23,3,2005,5-Mar,1
3/24/2005,MTB,BH,36,1,1,20,27,3,2005,5-Mar,1
3/24/2005,MTB,BH,61,1,1,20,27,3,2005,5-Mar,1
3/24/2005,MTB,BH,40,1,1,20,27,3,2005,5-Mar,1
3/24/2005,MTB,BH,76B,1,1,20,27,3,2005,5-Mar,1
3/24/2005,MTB,BH,26,4,1,20,27,3,2005,5-Mar,1
3/24/2005,MTB,AB,77B,1,1,21,26,3,2005,5-Mar,1
3/24/2005,MTB,AB,8,1,1,21,26,3,2005,5-Mar,1
3/24/2005,MTB,AB,32,2,1,21,26,3,2005,5-Mar,1
3/24/2005,MTB,AB,86,2,1,21,26,3,2005,5-Mar,1
3/24/2005,MTB,AB,95,1,1,21,26,3,2005,5-Mar,1
3/24/2005,OTB,AR,82B,4,1,21,25,3,2005,5-Mar,1
3/24/2005,OTB,AR,79B,1,1,21,25,3,2005,5-Mar,1
3/24/2005,OTB,AR,34,3,1,21,25,3,2005,5-Mar,1
3/24/2005,OTB,AR,80B,5,1,21,25,3,2005,5-Mar,1
3/24/2005,OTB,AR,41,3,1,21,25,3,2005,5-Mar,1
3/24/2005,OTB,AP,54,5,1,21,22,3,2005,5-Mar,1
3/24/2005,OTB,AP,39,4,1,21,22,3,2005,5-Mar,1
3/24/2005,OTB,AP,46,2,1,21,22,3,2005,5-Mar,1
3/24/2005,OTB,AP,81B,5,1,21,22,3,2005,5-Mar,1
3/24/2005,OTB,AP,43,6,1,21,22,3,2005,5-Mar,1
3/24/2005,OTB,SH,72A,6,1,21,21,3,2005,5-Mar,1
3/24/2005,OTB,SH,96,1,1,21,21,3,2005,5-Mar,1
3/24/2005,OTB,SH,48,2,1,21,21,3,2005,5-Mar,1
3/24/2005,OTB,SH,35,3,1,21,21,3,2005,5-Mar,1
3/29/2005,MTB,BH,36,2,1,21,26,3,2005,5-Mar,1
3/29/2005,MTB,BH,61,1,1,21,26,3,2005,5-Mar,1
3/29/2005,MTB,BH,40,2,1,21,26,3,2005,5-Mar,1
3/29/2005,MTB,BH,76B,2,1,21,26,3,2005,5-Mar,1
3/29/2005,MTB,BH,26,1,1,21,26,3,2005,5-Mar,1
3/29/2005,MTB,AB,77B,0,1,21,26,3,2005,5-Mar,1
3/29/2005,MTB,AB,8,2,1,21,26,3,2005,5-Mar,1
3/29/2005,MTB,AB,32,1,1,21,26,3,2005,5-Mar,1
3/29/2005,MTB,AB,86,4,1,21,26,3,2005,5-Mar,1
3/29/2005,MTB,AB,95,2,1,21,26,3,2005,5-Mar,1
3/29/2005,OTB,AR,82B,2,1,22,23,3,2005,5-Mar,1
3/29/2005,OTB,AR,79B,3,1,22,23,3,2005,5-Mar,1
3/29/2005,OTB,AR,34,5,1,22,23,3,2005,5-Mar,1
3/29/2005,OTB,AR,80B,3,1,22,23,3,2005,5-Mar,1
3/29/2005,OTB,AR,41,4,1,22,23,3,2005,5-Mar,1
3/29/2005,OTB,AP,54,2,1,22,21,3,2005,5-Mar,1
3/29/2005,OTB,AP,39,9,1,22,21,3,2005,5-Mar,1
3/29/2005,OTB,AP,46,5,1,22,21,3,2005,5-Mar,1
3/29/2005,OTB,AP,81B,5,1,22,21,3,2005,5-Mar,1
3/29/2005,OTB,AP,43,5,1,22,21,3,2005,5-Mar,1
3/29/2005,OTB,SH,72A,0,1,21,22,3,2005,5-Mar,1
3/29/2005,OTB,SH,96,2,1,21,22,3,2005,5-Mar,1
3/29/2005,OTB,SH,48,3,1,21,22,3,2005,5-Mar,1
3/29/2005,OTB,SH,35,4,1,21,22,3,2005,5-Mar,1
4/5/2005,MTB,BH,36,3,1,21,25,4,2005,5-Apr,2
4/5/2005,MTB,BH,26,2,1,21,25,4,2005,5-Apr,2
4/5/2005,MTB,BH,40,1,1,21,25,4,2005,5-Apr,2
4/5/2005,MTB,BH,76B,4,1,21,25,4,2005,5-Apr,2
4/5/2005,MTB,BH,61,4,1,21,25,4,2005,5-Apr,2
4/5/2005,MTB,AB,95,2,1,21,24,4,2005,5-Apr,2
4/5/2005,MTB,AB,86,1,1,21,24,4,2005,5-Apr,2
4/5/2005,MTB,AB,32,2,1,21,24,4,2005,5-Apr,2
4/5/2005,MTB,AB,8,2,1,21,24,4,2005,5-Apr,2
4/5/2005,MTB,AB,77B,1,1,21,24,4,2005,5-Apr,2
4/5/2005,OTB,AR,82B,5,1,21,22,4,2005,5-Apr,2
4/5/2005,OTB,AR,79B,3,1,21,22,4,2005,5-Apr,2
4/5/2005,OTB,AR,34,3,1,21,22,4,2005,5-Apr,2
4/5/2005,OTB,AR,41,3,1,21,22,4,2005,5-Apr,2
4/5/2005,OTB,AR,80B,3,1,21,22,4,2005,5-Apr,2
4/5/2005,OTB,AP,54,4,1,22,23,4,2005,5-Apr,2
4/5/2005,OTB,AP,39,4,1,22,23,4,2005,5-Apr,2
4/5/2005,OTB,AP,46,4,1,22,23,4,2005,5-Apr,2
4/5/2005,OTB,AP,81B,6,1,22,23,4,2005,5-Apr,2
4/5/2005,OTB,AP,43,7,1,22,23,4,2005,5-Apr,2
4/5/2005,OTB,SH,72B,1,1,22,22,4,2005,5-Apr,2
4/5/2005,OTB,SH,96,2,1,22,22,4,2005,5-Apr,2
4/5/2005,OTB,SH,48,2,1,22,22,4,2005,5-Apr,2
4/5/2005,OTB,SH,35,1,1,22,22,4,2005,5-Apr,2
4/5/2005,OTB,SH,76,3,1,22,22,4,2005,5-Apr,2
4/18/2005,MTB,BH,36,2,1,19,26,4,2005,5-Apr,2
4/18/2005,MTB,BH,26,4,1,19,26,4,2005,5-Apr,2
4/18/2005,MTB,BH,76B,1,1,19,26,4,2005,5-Apr,2
4/18/2005,MTB,BH,40,4,1,19,26,4,2005,5-Apr,2
4/18/2005,MTB,BH,61,2,1,19,26,4,2005,5-Apr,2
4/18/2005,MTB,AB,77B,2,1,20,25,4,2005,5-Apr,2
4/18/2005,MTB,AB,8,1,1,20,25,4,2005,5-Apr,2
4/18/2005,MTB,AB,32,1,1,20,25,4,2005,5-Apr,2
4/18/2005,MTB,AB,86,0,1,20,25,4,2005,5-Apr,2
4/18/2005,MTB,AB,95,2,1,20,25,4,2005,5-Apr,2
4/18/2005,OTB,AR,82B,3,1,20,27,4,2005,5-Apr,2
4/18/2005,OTB,AR,79B,3,1,20,27,4,2005,5-Apr,2
4/18/2005,OTB,AR,34,3,1,20,27,4,2005,5-Apr,2
4/18/2005,OTB,AR,41,3,1,20,27,4,2005,5-Apr,2
4/18/2005,OTB,AR,80B,1,1,20,27,4,2005,5-Apr,2
4/18/2005,OTB,AP,39,4,1,21,24,4,2005,5-Apr,2
4/18/2005,OTB,AP,46,2,1,21,24,4,2005,5-Apr,2
4/18/2005,OTB,AP,81B,2,1,21,24,4,2005,5-Apr,2
4/18/2005,OTB,AP,43,6,1,21,24,4,2005,5-Apr,2
4/18/2005,OTB,SH,72A,2,1,21,23,4,2005,5-Apr,2
4/18/2005,OTB,SH,48,2,1,21,23,4,2005,5-Apr,2
4/18/2005,OTB,SH,35,1,1,21,23,4,2005,5-Apr,2
4/22/2005,MTB,BH,36,1,1,21,25,4,2005,5-Apr,2
4/22/2005,MTB,BH,76B,1,1,21,25,4,2005,5-Apr,2
4/22/2005,MTB,BH,26,1,1,21,25,4,2005,5-Apr,2
4/22/2005,MTB,BH,40,1,1,21,25,4,2005,5-Apr,2
4/22/2005,MTB,BH,61,0,1,21,25,4,2005,5-Apr,2
4/22/2005,MTB,AB,77B,3,1,22,25,4,2005,5-Apr,2
4/22/2005,MTB,AB,8,2,1,22,25,4,2005,5-Apr,2
4/22/2005,MTB,AB,32,0,1,22,25,4,2005,5-Apr,2
4/22/2005,MTB,AB,86,2,1,22,25,4,2005,5-Apr,2
4/22/2005,MTB,AB,95,2,1,22,25,4,2005,5-Apr,2
4/22/2005,OTB,AR,82B,3,1,22,24,4,2005,5-Apr,2
4/22/2005,OTB,AR,79B,3,1,22,24,4,2005,5-Apr,2
4/22/2005,OTB,AR,41,0,1,22,24,4,2005,5-Apr,2
4/22/2005,OTB,AR,80B,2,1,22,24,4,2005,5-Apr,2
4/22/2005,OTB,AP,39,4,1,22,23,4,2005,5-Apr,2
4/22/2005,OTB,AP,81,2,1,22,23,4,2005,5-Apr,2
4/22/2005,OTB,AP,46,2,1,22,23,4,2005,5-Apr,2
4/22/2005,OTB,AP,43,5,1,22,23,4,2005,5-Apr,2
4/22/2005,OTB,AP,51,2,1,22,23,4,2005,5-Apr,2
4/22/2005,OTB,SH,35,1,1,22,24,4,2005,5-Apr,2
4/22/2005,OTB,SH,72A,3,1,22,24,4,2005,5-Apr,2
4/22/2005,OTB,SH,48,1,1,22,24,4,2005,5-Apr,2
4/22/2005,OTB,SH,21,4,1,22,24,4,2005,5-Apr,2
4/22/2005,OTB,SH,22,1,1,22,24,4,2005,5-Apr,2
4/29/2005,OTB,SH,48,0,1,22,23,4,2005,5-Apr,2
4/29/2005,OTB,SH,35,2,1,22,23,4,2005,5-Apr,2
4/29/2005,OTB,SH,72A,3,1,22,23,4,2005,5-Apr,2
4/29/2005,OTB,SH,21,1,1,22,23,4,2005,5-Apr,2
4/29/2005,OTB,SH,22,4,1,22,23,4,2005,5-Apr,2
4/29/2005,OTB,AP,81B,9,1,22,23,4,2005,5-Apr,2
4/29/2005,OTB,AP,39,3,1,22,23,4,2005,5-Apr,2
4/29/2005,OTB,AP,46,5,1,22,23,4,2005,5-Apr,2
4/29/2005,OTB,AP,43,6,1,22,23,4,2005,5-Apr,2
4/29/2005,OTB,AP,51,2,1,22,23,4,2005,5-Apr,2
4/29/2005,OTB,AR,79B,4,1,23,24,4,2005,5-Apr,2
4/29/2005,OTB,AR,82B,5,1,23,24,4,2005,5-Apr,2
4/29/2005,OTB,AR,41,2,1,23,24,4,2005,5-Apr,2
4/29/2005,OTB,AR,80B,2,1,23,24,4,2005,5-Apr,2
4/29/2005,MTB,AB,95,1,1,23,25,4,2005,5-Apr,2
4/29/2005,MTB,AB,86,2,1,23,25,4,2005,5-Apr,2
4/29/2005,MTB,AB,32,2,1,23,25,4,2005,5-Apr,2
4/29/2005,MTB,AB,8,0,1,23,25,4,2005,5-Apr,2
4/29/2005,MTB,AB,77B,2,1,23,25,4,2005,5-Apr,2
4/29/2005,MTB,BH,76B,2,1,23,27,4,2005,5-Apr,2
4/29/2005,MTB,BH,61,1,1,23,27,4,2005,5-Apr,2
4/29/2005,MTB,BH,26,1,1,23,27,4,2005,5-Apr,2
4/29/2005,MTB,BH,40,1,1,23,27,4,2005,5-Apr,2
4/29/2005,MTB,BH,36,1,1,23,27,4,2005,5-Apr,2
5/3/2005,MTB,BH,76B,2,1,23,26,5,2005,5-May,2
5/3/2005,MTB,BH,79,2,1,23,26,5,2005,5-May,2
5/3/2005,MTB,BH,26,1,1,23,26,5,2005,5-May,2
5/3/2005,MTB,BH,40,1,1,23,26,5,2005,5-May,2
5/3/2005,MTB,BH,62,2,1,23,26,5,2005,5-May,2
5/3/2005,MTB,AB,95,0,1,25,25,5,2005,5-May,2
5/3/2005,MTB,AB,86,1,1,25,25,5,2005,5-May,2
5/3/2005,MTB,AB,8,0,1,25,25,5,2005,5-May,2
5/3/2005,MTB,AB,77B,1,1,25,25,5,2005,5-May,2
5/3/2005,OTB,AR,82B,5,1,24,24,5,2005,5-May,2
5/3/2005,OTB,AR,79B,6,1,24,24,5,2005,5-May,2
5/3/2005,OTB,AR,41,3,1,24,24,5,2005,5-May,2
5/3/2005,OTB,AR,80B,6,1,24,24,5,2005,5-May,2
5/3/2005,OTB,AR,34,1,1,24,24,5,2005,5-May,2
5/3/2005,OTB,AP,81B,3,1,24,22,5,2005,5-May,2
5/3/2005,OTB,AP,39,1,1,24,22,5,2005,5-May,2
5/3/2005,OTB,AP,46,0,1,24,22,5,2005,5-May,2
5/3/2005,OTB,AP,43,1,1,24,22,5,2005,5-May,2
5/3/2005,OTB,AP,51,4,1,24,22,5,2005,5-May,2
5/3/2005,OTB,SH,72A,2,1,24,21,5,2005,5-May,2
5/3/2005,OTB,SH,48,1,1,24,21,5,2005,5-May,2
5/3/2005,OTB,SH,35,4,1,24,21,5,2005,5-May,2
5/3/2005,OTB,SH,21,2,1,24,21,5,2005,5-May,2
5/3/2005,OTB,SH,22,3,1,24,21,5,2005,5-May,2
5/13/2005,MTB,BH,26,1,1,24,26,5,2005,5-May,2
5/13/2005,MTB,BH,40,1,1,24,26,5,2005,5-May,2
5/13/2005,MTB,BH,62,2,1,24,26,5,2005,5-May,2
5/13/2005,MTB,BH,79,3,1,24,26,5,2005,5-May,2
5/13/2005,MTB,BH,76B,0,1,24,26,5,2005,5-May,2
5/13/2005,MTB,AB,79B,2,1,24,25,5,2005,5-May,2
5/13/2005,MTB,AB,77B,3,1,24,25,5,2005,5-May,2
5/13/2005,MTB,AB,8,3,1,24,25,5,2005,5-May,2
5/13/2005,MTB,AB,86,2,1,24,25,5,2005,5-May,2
5/13/2005,MTB,AB,95,2,1,24,25,5,2005,5-May,2
5/13/2005,OTB,AR,82B,4,1,25,24,5,2005,5-May,2
5/13/2005,OTB,AR,79C,2,1,25,24,5,2005,5-May,2
5/13/2005,OTB,AR,41,2,1,25,24,5,2005,5-May,2
5/13/2005,OTB,AR,80B,3,1,25,24,5,2005,5-May,2
5/13/2005,OTB,AR,34,3,1,25,24,5,2005,5-May,2
5/13/2005,OTB,AP,81B,4,1,25,23,5,2005,5-May,2
5/13/2005,OTB,AP,39,1,1,25,23,5,2005,5-May,2
5/13/2005,OTB,AP,46,4,1,25,23,5,2005,5-May,2
5/13/2005,OTB,AP,43,3,1,25,23,5,2005,5-May,2
5/13/2005,OTB,AP,51,4,1,25,23,5,2005,5-May,2
5/13/2005,OTB,SH,48,5,1,25,22,5,2005,5-May,2
5/13/2005,OTB,SH,21,1,1,25,22,5,2005,5-May,2
5/13/2005,OTB,SH,35,0,1,25,22,5,2005,5-May,2
5/13/2005,OTB,SH,72A,1,1,25,22,5,2005,5-May,2
5/13/2005,OTB,SH,22,2,1,25,22,5,2005,5-May,2
5/19/2005,MTB,BH,26,1,1,25,26,5,2005,5-May,2
5/19/2005,MTB,BH,40,1,1,25,26,5,2005,5-May,2
5/19/2005,MTB,BH,79,4,1,25,26,5,2005,5-May,2
5/19/2005,MTB,BH,99,2,1,25,26,5,2005,5-May,2
5/19/2005,MTB,AB,86,1,1,26,25,5,2005,5-May,2
5/19/2005,MTB,AB,95,0,1,26,25,5,2005,5-May,2
5/19/2005,MTB,AB,8,3,1,26,25,5,2005,5-May,2
5/19/2005,MTB,AB,77B,1,1,26,25,5,2005,5-May,2
5/19/2005,MTB,AB,79B,1,1,26,25,5,2005,5-May,2
5/19/2005,OTB,AR,82B,3,1,23,26,5,2005,5-May,2
5/19/2005,OTB,AR,79C,5,1,23,26,5,2005,5-May,2
5/19/2005,OTB,AR,41,4,1,23,26,5,2005,5-May,2
5/19/2005,OTB,AR,80B,5,1,23,26,5,2005,5-May,2
5/19/2005,OTB,AR,34,5,1,23,26,5,2005,5-May,2
5/19/2005,OTB,AP,81B,4,1,26,23,5,2005,5-May,2
5/19/2005,OTB,AP,39,3,1,26,23,5,2005,5-May,2
5/19/2005,OTB,AP,36,3,1,26,23,5,2005,5-May,2
5/19/2005,OTB,AP,43,5,1,26,23,5,2005,5-May,2
5/19/2005,OTB,AP,51,2,1,26,23,5,2005,5-May,2
5/19/2005,OTB,SH,22,2,1,27,23,5,2005,5-May,2
5/19/2005,OTB,SH,72A,1,1,27,23,5,2005,5-May,2
5/19/2005,OTB,SH,18,0,1,27,23,5,2005,5-May,2
5/19/2005,OTB,SH,21,2,1,27,23,5,2005,5-May,2
5/19/2005,OTB,SH,48,2,1,27,23,5,2005,5-May,2
5/26/2005,OTB,AR,211,1,1,26,24,5,2005,5-May,2
5/26/2005,OTB,AR,80B,1,1,26,24,5,2005,5-May,2
5/26/2005,OTB,AR,34,4,1,26,24,5,2005,5-May,2
5/26/2005,OTB,AP,81B,1,1,27,23,5,2005,5-May,2
5/26/2005,OTB,AP,39,3,1,27,23,5,2005,5-May,2
5/26/2005,OTB,AP,46,3,1,27,23,5,2005,5-May,2
5/26/2005,OTB,AP,43,2,1,27,23,5,2005,5-May,2
5/26/2005,OTB,AP,51,6,1,27,23,5,2005,5-May,2
5/26/2005,MTB,BH,26,2,1,24,28,5,2005,5-May,2
5/26/2005,MTB,BH,79,2,1,24,28,5,2005,5-May,2
5/26/2005,MTB,BH,40,1,1,24,28,5,2005,5-May,2
5/26/2005,MTB,BH,99,3,1,24,28,5,2005,5-May,2
5/26/2005,MTB,AB,95,2,1,26,25,5,2005,5-May,2
5/26/2005,MTB,AB,86,1,1,26,25,5,2005,5-May,2
5/26/2005,MTB,AB,8,1,1,26,25,5,2005,5-May,2
5/26/2005,MTB,AB,77B,4,1,26,25,5,2005,5-May,2
5/26/2005,MTB,AB,79B,1,1,26,25,5,2005,5-May,2
5/26/2005,OTB,AR,82B,2,1,26,25,5,2005,5-May,2
5/26/2005,OTB,AR,79C,4,1,26,25,5,2005,5-May,2
5/26/2005,OTB,SH,21,2,1,27,24,5,2005,5-May,2
5/26/2005,OTB,SH,48,1,1,27,24,5,2005,5-May,2
5/26/2005,OTB,SH,18,3,1,27,24,5,2005,5-May,2
5/26/2005,OTB,SH,72A,0,1,27,24,5,2005,5-May,2
5/26/2005,OTB,SH,22,3,1,27,24,5,2005,5-May,2
6/3/2005,MTB,AB,79B,3,1,27,25,6,2005,5-Jun,2
6/3/2005,MTB,AB,77B,1,1,27,25,6,2005,5-Jun,2
6/3/2005,MTB,AB,8,2,1,27,25,6,2005,5-Jun,2
6/3/2005,MTB,AB,86,0,1,27,25,6,2005,5-Jun,2
6/3/2005,OTB,AP,51,3,1,27,23,6,2005,5-Jun,2
6/3/2005,OTB,AP,43,2,1,27,23,6,2005,5-Jun,2
6/3/2005,OTB,AP,46,4,1,27,23,6,2005,5-Jun,2
6/3/2005,OTB,AP,39,1,1,27,23,6,2005,5-Jun,2
6/3/2005,OTB,AP,89B,3,1,27,23,6,2005,5-Jun,2
6/3/2005,MTB,BH,36,0,1,26,26,6,2005,5-Jun,2
6/3/2005,MTB,BH,79,0,1,26,26,6,2005,5-Jun,2
6/3/2005,MTB,BH,26,0,1,26,26,6,2005,5-Jun,2
6/3/2005,MTB,BH,40,0,1,26,26,6,2005,5-Jun,2
6/3/2005,MTB,BH,99,2,1,26,26,6,2005,5-Jun,2
6/3/2005,OTB,AR,82B,3,1,27,25,6,2005,5-Jun,2
6/3/2005,OTB,AR,79C,4,1,27,25,6,2005,5-Jun,2
6/3/2005,OTB,AR,41,2,1,27,25,6,2005,5-Jun,2
6/3/2005,OTB,AR,80B,4,1,27,25,6,2005,5-Jun,2
6/3/2005,OTB,AR,34,1,1,27,25,6,2005,5-Jun,2
6/3/2005,OTB,SH,48,2,1,27,22,6,2005,5-Jun,2
6/3/2005,OTB,SH,21,3,1,27,22,6,2005,5-Jun,2
6/3/2005,OTB,SH,18,1,1,27,22,6,2005,5-Jun,2
6/3/2005,OTB,SH,22,2,1,27,22,6,2005,5-Jun,2
6/9/2005,MTB,BH,36,2,1,29,25,6,2005,5-Jun,2
6/9/2005,MTB,BH,79,6,1,29,25,6,2005,5-Jun,2
6/9/2005,MTB,BH,26,3,1,29,25,6,2005,5-Jun,2
6/9/2005,MTB,BH,76B,1,1,29,25,6,2005,5-Jun,2
6/9/2005,MTB,BH,99,1,1,29,25,6,2005,5-Jun,2
6/9/2005,OTB,AR,82B,3,1,29,23,6,2005,5-Jun,2
6/9/2005,OTB,AR,41,3,1,29,23,6,2005,5-Jun,2
6/9/2005,OTB,AR,80B,3,1,29,23,6,2005,5-Jun,2
6/9/2005,OTB,AR,34,4,1,29,23,6,2005,5-Jun,2
6/9/2005,MTB,AB,86,2,1,29,24,6,2005,5-Jun,2
6/9/2005,MTB,AB,8,1,1,29,24,6,2005,5-Jun,2
6/9/2005,MTB,AB,77B,0,1,29,24,6,2005,5-Jun,2
6/9/2005,MTB,AB,79B,3,1,29,24,6,2005,5-Jun,2
6/9/2005,OTB,SH,22,1,1,29,21,6,2005,5-Jun,2
6/9/2005,OTB,SH,18,3,1,29,21,6,2005,5-Jun,2
6/9/2005,OTB,SH,72A,4,1,29,21,6,2005,5-Jun,2
6/9/2005,OTB,SH,21,1,1,29,21,6,2005,5-Jun,2
6/9/2005,OTB,SH,48,2,1,29,21,6,2005,5-Jun,2
6/9/2005,OTB,AP,43,2,1,,21,6,2005,5-Jun,2
6/9/2005,OTB,AP,46,3,1,,21,6,2005,5-Jun,2
6/9/2005,OTB,AP,39,2,1,,21,6,2005,5-Jun,2
6/9/2005,OTB,AP,81B,0,1,,21,6,2005,5-Jun,2
6/9/2005,OTB,AP,51,3,1,,21,6,2005,5-Jun,2
6/17/2005,MTB,BH,79,1,1,29,23,6,2005,5-Jun,2
6/17/2005,MTB,BH,99,2,1,29,23,6,2005,5-Jun,2
6/17/2005,MTB,BH,76B,2,1,29,23,6,2005,5-Jun,2
6/17/2005,MTB,BH,26,2,1,29,23,6,2005,5-Jun,2
6/17/2005,MTB,BH,36,3,1,29,23,6,2005,5-Jun,2
6/17/2005,MTB,AB,86,2,1,30,22,6,2005,5-Jun,2
6/17/2005,MTB,AB,8,0,1,30,22,6,2005,5-Jun,2
6/17/2005,MTB,AB,77B,2,1,30,22,6,2005,5-Jun,2
6/17/2005,MTB,AB,79B,1,1,30,22,6,2005,5-Jun,2
6/17/2005,OTB,AR,82B,2,1,30,21,6,2005,5-Jun,2
6/17/2005,OTB,AR,41,6,1,30,21,6,2005,5-Jun,2
6/17/2005,OTB,AR,80B,2,1,30,21,6,2005,5-Jun,2
6/17/2005,OTB,AR,34,4,1,30,21,6,2005,5-Jun,2
6/17/2005,OTB,AR,61,2,1,30,21,6,2005,5-Jun,2
6/17/2005,OTB,AP,43,1,1,31,20,6,2005,5-Jun,2
6/17/2005,OTB,AP,46,2,1,31,20,6,2005,5-Jun,2
6/17/2005,OTB,AP,46,1,1,31,20,6,2005,5-Jun,2
6/17/2005,OTB,AP,81B,1,1,31,20,6,2005,5-Jun,2
6/17/2005,OTB,AP,51,1,1,31,20,6,2005,5-Jun,2
6/17/2005,OTB,SH,18,3,1,31,20,6,2005,5-Jun,2
6/17/2005,OTB,SH,22,3,1,31,20,6,2005,5-Jun,2
6/17/2005,OTB,SH,72A,3,1,31,20,6,2005,5-Jun,2
6/17/2005,OTB,SH,21,2,1,31,20,6,2005,5-Jun,2
6/17/2005,OTB,SH,48,2,1,31,20,6,2005,5-Jun,2
6/24/2005,MTB,BH,99,2,1,28,25,6,2005,5-Jun,2
6/24/2005,MTB,BH,76B,1,1,28,25,6,2005,5-Jun,2
6/24/2005,MTB,BH,26,1,1,28,25,6,2005,5-Jun,2
6/24/2005,MTB,BH,36,0,1,28,25,6,2005,5-Jun,2
6/24/2005,MTB,BH,79,3,1,28,25,6,2005,5-Jun,2
6/24/2005,MTB,AB,82B,4,1,28,21,6,2005,5-Jun,2
6/24/2005,MTB,AB,40,3,1,28,21,6,2005,5-Jun,2
6/24/2005,MTB,AB,86B,2,1,28,21,6,2005,5-Jun,2
6/24/2005,MTB,AB,34,6,1,28,21,6,2005,5-Jun,2
6/24/2005,MTB,AB,61,2,1,28,21,6,2005,5-Jun,2
6/24/2005,OTB,AR,X,3,1,29,23,6,2005,5-Jun,2
6/24/2005,OTB,AR,79B,4,1,29,23,6,2005,5-Jun,2
6/24/2005,OTB,AR,77B,0,1,29,23,6,2005,5-Jun,2
6/24/2005,OTB,AR,8,1,1,29,23,6,2005,5-Jun,2
6/24/2005,OTB,AR,86,3,1,29,23,6,2005,5-Jun,2
6/24/2005,OTB,AP,43,5,1,29,21,6,2005,5-Jun,2
6/24/2005,OTB,AP,46,2,1,29,21,6,2005,5-Jun,2
6/24/2005,OTB,AP,39,1,1,29,21,6,2005,5-Jun,2
6/24/2005,OTB,AP,81B,2,1,29,21,6,2005,5-Jun,2
6/24/2005,OTB,SH,18,2,1,28,22,6,2005,5-Jun,2
6/24/2005,OTB,SH,22,1,1,28,22,6,2005,5-Jun,2
6/24/2005,OTB,SH,72A,1,1,28,22,6,2005,5-Jun,2
6/24/2005,OTB,SH,21,0,1,28,22,6,2005,5-Jun,2
6/24/2005,OTB,SH,48,0,1,28,22,6,2005,5-Jun,2
6/29/2005,MTB,BH,99,2,1,29,25,6,2005,5-Jun,2
6/29/2005,MTB,BH,76B,0,1,29,25,6,2005,5-Jun,2
6/29/2005,MTB,BH,26,1,1,29,25,6,2005,5-Jun,2
6/29/2005,MTB,BH,79,0,1,29,25,6,2005,5-Jun,2
6/29/2005,MTB,AB,86,1,1,29,22,6,2005,5-Jun,2
6/29/2005,MTB,AB,8,0,1,29,22,6,2005,5-Jun,2
6/29/2005,MTB,AB,77B,0,1,29,22,6,2005,5-Jun,2
6/29/2005,MTB,AB,79B,2,1,29,22,6,2005,5-Jun,2
6/29/2005,MTB,AB,83B,5,1,29,22,6,2005,5-Jun,2
6/29/2005,OTB,AR,82B,5,1,29,22,6,2005,5-Jun,2
6/29/2005,OTB,AR,41,3,1,29,22,6,2005,5-Jun,2
6/29/2005,OTB,AR,80B,1,1,29,22,6,2005,5-Jun,2
6/29/2005,OTB,AR,34,2,1,29,22,6,2005,5-Jun,2
6/29/2005,OTB,AR,61,1,1,29,22,6,2005,5-Jun,2
6/29/2005,OTB,AP,46,0,1,30,20,6,2005,5-Jun,2
6/29/2005,OTB,AP,43,2,1,30,20,6,2005,5-Jun,2
6/29/2005,OTB,AP,39,2,1,30,20,6,2005,5-Jun,2
6/29/2005,OTB,AP,81B,1,1,30,20,6,2005,5-Jun,2
6/29/2005,OTB,AP,51,1,1,30,20,6,2005,5-Jun,2
6/29/2005,OTB,SH,18,1,1,29,20,6,2005,5-Jun,2
6/29/2005,OTB,SH,22,3,1,29,20,6,2005,5-Jun,2
6/29/2005,OTB,SH,72A,1,1,29,20,6,2005,5-Jun,2
6/29/2005,OTB,SH,21,4,1,29,20,6,2005,5-Jun,2
6/29/2005,OTB,SH,48,1,1,29,20,6,2005,5-Jun,2
7/5/2005,MTB,BH,99,2,1,29,28,7,2005,5-Jul,3
7/5/2005,MTB,BH,76B,0,1,29,28,7,2005,5-Jul,3
7/5/2005,MTB,BH,26,1,1,29,28,7,2005,5-Jul,3
7/5/2005,MTB,BH,36,1,1,29,28,7,2005,5-Jul,3
7/5/2005,MTB,BH,79,2,1,29,28,7,2005,5-Jul,3
7/5/2005,MTB,AB,86,2,1,30,21,7,2005,5-Jul,3
7/5/2005,MTB,AB,8,1,1,30,21,7,2005,5-Jul,3
7/5/2005,MTB,AB,77B,2,1,30,21,7,2005,5-Jul,3
7/5/2005,MTB,AB,79B,0,1,30,21,7,2005,5-Jul,3
7/5/2005,MTB,AB,83B,1,1,30,21,7,2005,5-Jul,3
7/5/2005,OTB,AR,82B,2,1,30,18,7,2005,5-Jul,3
7/5/2005,OTB,AR,41,3,1,30,18,7,2005,5-Jul,3
7/5/2005,OTB,AR,80B,4,1,30,18,7,2005,5-Jul,3
7/5/2005,OTB,AR,34,0,1,30,18,7,2005,5-Jul,3
7/5/2005,OTB,AR,61,1,1,30,18,7,2005,5-Jul,3
7/5/2005,OTB,AP,43,2,1,31,19,7,2005,5-Jul,3
7/5/2005,OTB,AP,46,3,1,31,19,7,2005,5-Jul,3
7/5/2005,OTB,AP,39,1,1,31,19,7,2005,5-Jul,3
7/5/2005,OTB,AP,81B,2,1,31,19,7,2005,5-Jul,3
7/5/2005,OTB,AP,51,2,1,31,19,7,2005,5-Jul,3
7/5/2005,OTB,SH,18,2,1,31,18,7,2005,5-Jul,3
7/5/2005,OTB,SH,22,3,1,31,18,7,2005,5-Jul,3
7/5/2005,OTB,SH,72A,3,1,31,18,7,2005,5-Jul,3
7/5/2005,OTB,SH,48,0,1,31,18,7,2005,5-Jul,3
7/5/2005,OTB,SH,21,6,1,31,18,7,2005,5-Jul,3
7/13/2005,MTB,AB,86,4,1,,21,7,2005,5-Jul,3
7/13/2005,MTB,AB,8,0,1,,21,7,2005,5-Jul,3
7/13/2005,MTB,AB,77B,2,1,,21,7,2005,5-Jul,3
7/13/2005,MTB,AB,79B,4,1,,21,7,2005,5-Jul,3
7/13/2005,MTB,AB,83B,1,1,,21,7,2005,5-Jul,3
7/13/2005,MTB,AB,82B,8,1,,21,7,2005,5-Jul,3
7/13/2005,MTB,AB,41,2,1,,21,7,2005,5-Jul,3
7/13/2005,OTB,AR,80B,4,1,,20,7,2005,5-Jul,3
7/13/2005,OTB,AR,34,3,1,,20,7,2005,5-Jul,3
7/13/2005,OTB,AR,61,4,1,,20,7,2005,5-Jul,3
7/13/2005,OTB,AP,39,0,1,,17,7,2005,5-Jul,3
7/13/2005,OTB,AP,81B,2,1,,17,7,2005,5-Jul,3
7/13/2005,OTB,AP,51,1,1,,17,7,2005,5-Jul,3
7/13/2005,OTB,AP,43,0,1,,17,7,2005,5-Jul,3
7/13/2005,OTB,AP,46,0,1,,17,7,2005,5-Jul,3
7/13/2005,OTB,SH,18,2,1,,17,7,2005,5-Jul,3
7/13/2005,OTB,SH,22,3,1,,17,7,2005,5-Jul,3
7/13/2005,OTB,SH,X,2,1,,17,7,2005,5-Jul,3
7/13/2005,OTB,SH,21,1,1,,17,7,2005,5-Jul,3
7/13/2005,OTB,SH,40,2,1,,17,7,2005,5-Jul,3
7/20/2005,MTB,BH,43,10,1,33,21,7,2005,5-Jul,3
7/20/2005,MTB,BH,38,3,1,33,21,7,2005,5-Jul,3
7/20/2005,MTB,BH,19,2,1,33,21,7,2005,5-Jul,3
7/20/2005,MTB,BH,49,6,1,33,21,7,2005,5-Jul,3
7/20/2005,MTB,BH,27,4,1,33,21,7,2005,5-Jul,3
7/20/2005,OTB,AR,82B,2,1,32,20,7,2005,5-Jul,3
7/20/2005,OTB,AR,41,0,1,32,20,7,2005,5-Jul,3
7/20/2005,OTB,AR,80B,0,1,32,20,7,2005,5-Jul,3
7/20/2005,OTB,AR,34,0,1,32,20,7,2005,5-Jul,3
7/20/2005,OTB,AR,61,1,1,32,20,7,2005,5-Jul,3
7/20/2005,MTB,AB,86,0,1,33,20,7,2005,5-Jul,3
7/20/2005,MTB,AB,8,3,1,33,20,7,2005,5-Jul,3
7/20/2005,OTB,AP,81B,2,1,33,16,7,2005,5-Jul,3
7/20/2005,OTB,AP,51,0,1,33,16,7,2005,5-Jul,3
7/20/2005,OTB,AP,39,1,1,33,16,7,2005,5-Jul,3
7/20/2005,OTB,AP,46,1,1,33,16,7,2005,5-Jul,3
7/20/2005,OTB,AP,43,1,1,33,16,7,2005,5-Jul,3
7/20/2005,OTB,SH,22,2,1,33,15,7,2005,5-Jul,3
7/20/2005,OTB,SH,72A,2,1,33,15,7,2005,5-Jul,3
7/20/2005,OTB,SH,21,4,1,33,15,7,2005,5-Jul,3
7/20/2005,OTB,SH,48,5,1,33,15,7,2005,5-Jul,3
7/28/2005,MTB,BH,43,4,1,32,20,7,2005,5-Jul,3
7/28/2005,MTB,BH,38,8,1,32,20,7,2005,5-Jul,3
7/28/2005,MTB,BH,19,5,1,32,20,7,2005,5-Jul,3
7/28/2005,MTB,BH,49,6,1,32,20,7,2005,5-Jul,3
7/28/2005,MTB,BH,27,5,1,32,20,7,2005,5-Jul,3
7/28/2005,MTB,AB,83B,3,1,32,19,7,2005,5-Jul,3
7/28/2005,MTB,AB,79B,3,1,32,19,7,2005,5-Jul,3
7/28/2005,MTB,AB,77B,2,1,32,19,7,2005,5-Jul,3
7/28/2005,MTB,AB,8,5,1,32,19,7,2005,5-Jul,3
7/28/2005,MTB,AB,86,1,1,32,19,7,2005,5-Jul,3
7/28/2005,OTB,AR,82B,3,1,32,17,7,2005,5-Jul,3
7/28/2005,OTB,AR,41,1,1,32,17,7,2005,5-Jul,3
7/28/2005,OTB,AR,80B,1,1,32,17,7,2005,5-Jul,3
7/28/2005,OTB,AR,34,5,1,32,17,7,2005,5-Jul,3
7/28/2005,OTB,AP,81B,1,1,33,16,7,2005,5-Jul,3
7/28/2005,OTB,AP,51,3,1,33,16,7,2005,5-Jul,3
7/28/2005,OTB,AP,39,2,1,33,16,7,2005,5-Jul,3
7/28/2005,OTB,AP,46,0,1,33,16,7,2005,5-Jul,3
7/28/2005,OTB,AP,43,3,1,33,16,7,2005,5-Jul,3
7/28/2005,OTB,SH,18,3,1,32,16,7,2005,5-Jul,3
7/28/2005,OTB,SH,22,3,1,32,16,7,2005,5-Jul,3
7/28/2005,OTB,SH,72A,1,1,32,16,7,2005,5-Jul,3
7/28/2005,OTB,SH,21,2,1,32,16,7,2005,5-Jul,3
7/28/2005,OTB,SH,48,4,1,32,16,7,2005,5-Jul,3
8/3/2005,MTB,BH,27,3,1,32,20,8,2005,5-Aug,3
8/3/2005,MTB,BH,49,4,1,32,20,8,2005,5-Aug,3
8/3/2005,MTB,BH,19,5,1,32,20,8,2005,5-Aug,3
8/3/2005,MTB,BH,38,2,1,32,20,8,2005,5-Aug,3
8/3/2005,MTB,BH,43,8,1,32,20,8,2005,5-Aug,3
8/3/2005,MTB,AB,86,1,1,33,19,8,2005,5-Aug,3
8/3/2005,MTB,AB,8,1,1,33,19,8,2005,5-Aug,3
8/3/2005,MTB,AB,77B,5,1,33,19,8,2005,5-Aug,3
8/3/2005,MTB,AB,79B,1,1,33,19,8,2005,5-Aug,3
8/3/2005,MTB,AB,83B,6,1,33,19,8,2005,5-Aug,3
8/3/2005,OTB,AR,82B,2,1,32,16,8,2005,5-Aug,3
8/3/2005,OTB,AR,41,2,1,32,16,8,2005,5-Aug,3
8/3/2005,OTB,AR,80B,2,1,32,16,8,2005,5-Aug,3
8/3/2005,OTB,AR,34,4,1,32,16,8,2005,5-Aug,3
8/3/2005,OTB,AR,61,3,1,32,16,8,2005,5-Aug,3
8/3/2005,OTB,AP,81B,1,1,32,16,8,2005,5-Aug,3
8/3/2005,OTB,AP,51,1,1,32,16,8,2005,5-Aug,3
8/3/2005,OTB,AP,39,2,1,32,16,8,2005,5-Aug,3
8/3/2005,OTB,AP,46,1,1,32,16,8,2005,5-Aug,3
8/3/2005,OTB,AP,43,1,1,32,16,8,2005,5-Aug,3
8/3/2005,OTB,SH,18,4,1,32,15,8,2005,5-Aug,3
8/3/2005,OTB,SH,22,3,1,32,15,8,2005,5-Aug,3
8/3/2005,OTB,SH,X,1,1,32,15,8,2005,5-Aug,3
8/3/2005,OTB,SH,21,2,1,32,15,8,2005,5-Aug,3
8/3/2005,OTB,SH,48,3,1,32,15,8,2005,5-Aug,3
8/10/2005,MTB,BH,43,1,1,32,21,8,2005,5-Aug,3
8/10/2005,MTB,BH,38,3,1,32,21,8,2005,5-Aug,3
8/10/2005,MTB,BH,19,4,1,32,21,8,2005,5-Aug,3
8/10/2005,MTB,BH,49,5,1,32,21,8,2005,5-Aug,3
8/10/2005,MTB,BH,27,4,1,32,21,8,2005,5-Aug,3
8/10/2005,MTB,AB,83B,3,1,33,18,8,2005,5-Aug,3
8/10/2005,MTB,AB,79B,0,1,33,18,8,2005,5-Aug,3
8/10/2005,MTB,AB,77B,2,1,33,18,8,2005,5-Aug,3
8/10/2005,MTB,AB,8,4,1,33,18,8,2005,5-Aug,3
8/10/2005,MTB,AB,86,1,1,33,18,8,2005,5-Aug,3
8/10/2005,OTB,AR,82B,1,1,32,15,8,2005,5-Aug,3
8/10/2005,OTB,AR,41,2,1,32,15,8,2005,5-Aug,3
8/10/2005,OTB,AR,80B,4,1,32,15,8,2005,5-Aug,3
8/10/2005,OTB,AR,34,3,1,32,15,8,2005,5-Aug,3
8/10/2005,OTB,AR,61,4,1,32,15,8,2005,5-Aug,3
8/10/2005,OTB,AP,81B,2,1,33,16,8,2005,5-Aug,3
8/10/2005,OTB,AP,51,1,1,33,16,8,2005,5-Aug,3
8/10/2005,OTB,AP,39,0,1,33,16,8,2005,5-Aug,3
8/10/2005,OTB,AP,46,1,1,33,16,8,2005,5-Aug,3
8/10/2005,OTB,AP,43,1,1,33,16,8,2005,5-Aug,3
8/10/2005,OTB,SH,18,1,1,33,16,8,2005,5-Aug,3
8/10/2005,OTB,SH,22,1,1,33,16,8,2005,5-Aug,3
8/10/2005,OTB,SH,47,1,1,33,16,8,2005,5-Aug,3
8/10/2005,OTB,SH,21,4,1,33,16,8,2005,5-Aug,3
8/10/2005,OTB,SH,48,1,1,33,16,8,2005,5-Aug,3
8/18/2005,MTB,BH,43,5,1,33,20,8,2005,5-Aug,3
8/18/2005,MTB,BH,38,0,1,33,20,8,2005,5-Aug,3
8/18/2005,MTB,BH,19,1,1,33,20,8,2005,5-Aug,3
8/18/2005,MTB,BH,49,4,1,33,20,8,2005,5-Aug,3
8/18/2005,MTB,BH,27,6,1,33,20,8,2005,5-Aug,3
8/18/2005,MTB,AB,83B,2,1,33,20,8,2005,5-Aug,3
8/18/2005,MTB,AB,79B,0,1,33,20,8,2005,5-Aug,3
8/18/2005,MTB,AB,77B,2,1,33,20,8,2005,5-Aug,3
8/18/2005,MTB,AB,8,3,1,33,20,8,2005,5-Aug,3
8/18/2005,MTB,AB,86,0,1,33,20,8,2005,5-Aug,3
8/18/2005,OTB,AR,82B,4,1,33,19,8,2005,5-Aug,3
8/18/2005,OTB,AR,80B,1,1,33,19,8,2005,5-Aug,3
8/18/2005,OTB,AR,34,4,1,33,19,8,2005,5-Aug,3
8/18/2005,OTB,AR,61,2,1,33,19,8,2005,5-Aug,3
8/18/2005,OTB,AP,46,0,1,33,16,8,2005,5-Aug,3
8/18/2005,OTB,AP,43,2,1,33,16,8,2005,5-Aug,3
8/18/2005,OTB,AP,39,1,1,33,16,8,2005,5-Aug,3
8/18/2005,OTB,AP,61,0,1,33,16,8,2005,5-Aug,3
8/18/2005,OTB,AP,81B,2,1,33,16,8,2005,5-Aug,3
8/18/2005,OTB,SH,18,2,1,33,15,8,2005,5-Aug,3
8/18/2005,OTB,SH,22,1,1,33,15,8,2005,5-Aug,3
8/18/2005,OTB,SH,47,3,1,33,15,8,2005,5-Aug,3
8/18/2005,OTB,SH,21,1,1,33,15,8,2005,5-Aug,3
8/18/2005,OTB,SH,48,1,1,33,15,8,2005,5-Aug,3
8/27/2005,OTB,SH,82B,1,1,33,18,8,2005,5-Aug,3
8/27/2005,OTB,SH,80B,1,1,33,18,8,2005,5-Aug,3
8/27/2005,OTB,SH,90B,0,1,33,18,8,2005,5-Aug,3
8/27/2005,OTB,SH,34,2,1,33,18,8,2005,5-Aug,3
8/27/2005,OTB,SH,61,0,1,33,18,8,2005,5-Aug,3
8/27/2005,OTB,AP,81B,1,1,33,15,8,2005,5-Aug,3
8/27/2005,OTB,AP,51,2,1,33,15,8,2005,5-Aug,3
8/27/2005,OTB,AP,39,2,1,33,15,8,2005,5-Aug,3
8/27/2005,OTB,AP,46,0,1,33,15,8,2005,5-Aug,3
8/27/2005,OTB,AP,45,2,1,33,15,8,2005,5-Aug,3
8/27/2005,OTB,AR,18,0,1,33,15,8,2005,5-Aug,3
8/27/2005,OTB,AR,22,0,1,33,15,8,2005,5-Aug,3
8/27/2005,OTB,AR,47,1,1,33,15,8,2005,5-Aug,3
8/27/2005,OTB,AR,21,3,1,33,15,8,2005,5-Aug,3
8/27/2005,OTB,AR,48,3,1,33,15,8,2005,5-Aug,3
8/27/2005,MTB,AB,86,0,1,32,20,8,2005,5-Aug,3
8/27/2005,MTB,AB,8,2,1,32,20,8,2005,5-Aug,3
8/27/2005,MTB,AB,77B,2,1,32,20,8,2005,5-Aug,3
8/27/2005,MTB,AB,79B,2,1,32,20,8,2005,5-Aug,3
8/27/2005,MTB,AB,83B,1,1,32,20,8,2005,5-Aug,3
8/27/2005,MTB,BH,43,0,1,32,21,8,2005,5-Aug,3
8/27/2005,MTB,BH,38,2,1,32,21,8,2005,5-Aug,3
8/27/2005,MTB,BH,19,3,1,32,21,8,2005,5-Aug,3
8/27/2005,MTB,BH,49,1,1,32,21,8,2005,5-Aug,3
8/27/2005,MTB,BH,27,6,1,32,21,8,2005,5-Aug,3
