RetDate,Site,Station,Spat,Quarter,Lat,Long,Bay,IvO,RetJulian,DepJulian,Days,SBD,Month,Year
8/5/2002,TB,1,9,3,27.699833,-82.695083,LTB,I,3870,3817,53,0.17,8,2002
8/5/2002,TB,1,5,3,27.699833,-82.695083,LTB,I,3870,3817,53,0.09,8,2002
8/5/2002,TB,1,0,3,27.699833,-82.695083,LTB,I,3870,3817,53,0,8,2002
8/5/2002,TB,2,0,3,27.699033,-82.692383,LTB,I,3870,3817,53,0,8,2002
8/5/2002,TB,2,3,3,27.699033,-82.692383,LTB,I,3870,3817,53,0.06,8,2002
8/5/2002,TB,2,4,3,27.699033,-82.692383,LTB,I,3870,3817,53,0.08,8,2002
8/5/2002,TB,3,3,3,27.698983,-82.690333,LTB,I,3870,3817,53,0.06,8,2002
8/5/2002,TB,3,0,3,27.698983,-82.690333,LTB,I,3870,3817,53,0,8,2002
8/5/2002,TB,3,0,3,27.698983,-82.690333,LTB,I,3870,3817,53,0,8,2002
8/28/2002,TB,1,0,3,27.699833,-82.695083,LTB,I,3893,3846,47,0,8,2002
8/28/2002,TB,1,0,3,27.699833,-82.695083,LTB,I,3893,3846,47,0,8,2002
8/28/2002,TB,1,1,3,27.699833,-82.695083,LTB,I,3893,3846,47,0.02,8,2002
8/28/2002,TB,2,3,3,27.699033,-82.692383,LTB,I,3893,3846,47,0.06,8,2002
8/28/2002,TB,2,0,3,27.699033,-82.692383,LTB,I,3893,3846,47,0,8,2002
8/28/2002,TB,2,0,3,27.699033,-82.692383,LTB,I,3893,3846,47,0,8,2002
8/28/2002,TB,3,1,3,27.698983,-82.690333,LTB,I,3893,3846,47,0.02,8,2002
8/28/2002,TB,3,0,3,27.698983,-82.690333,LTB,I,3893,3846,47,0,8,2002
8/28/2002,TB,3,Z,3,27.698983,-82.690333,LTB,I,3893,3846,47,Z,8,2002
9/18/2002,TB,1,3,3,27.699833,-82.695083,LTB,I,3914,3870,44,0.07,9,2002
9/18/2002,TB,1,0,3,27.699833,-82.695083,LTB,I,3914,3870,44,0,9,2002
9/18/2002,TB,1,1,3,27.699833,-82.695083,LTB,I,3914,3870,44,0.02,9,2002
9/18/2002,TB,2,6,3,27.699033,-82.692383,LTB,I,3914,3870,44,0.14,9,2002
9/18/2002,TB,2,5,3,27.699033,-82.692383,LTB,I,3914,3870,44,0.11,9,2002
9/18/2002,TB,2,0,3,27.699033,-82.692383,LTB,I,3914,3870,44,0,9,2002
9/18/2002,TB,3,0,3,27.698983,-82.690333,LTB,I,3914,3870,44,0,9,2002
9/18/2002,TB,3,2,3,27.698983,-82.690333,LTB,I,3914,3870,44,0.05,9,2002
9/18/2002,TB,3,4,3,27.698983,-82.690333,LTB,I,3914,3870,44,0.09,9,2002
10/7/2002,TB,1,Z,4,27.699833,-82.695083,LTB,I,3933,3893,40,Z,10,2002
10/7/2002,TB,1,Z,4,27.699833,-82.695083,LTB,I,3933,3893,40,Z,10,2002
10/7/2002,TB,1,Z,4,27.699833,-82.695083,LTB,I,3933,3893,40,Z,10,2002
10/7/2002,TB,2,Z,4,27.699033,-82.692383,LTB,I,3933,3893,40,Z,10,2002
10/7/2002,TB,2,Z,4,27.699033,-82.692383,LTB,I,3933,3893,40,Z,10,2002
10/7/2002,TB,2,Z,4,27.699033,-82.692383,LTB,I,3933,3893,40,Z,10,2002
10/7/2002,TB,3,Z,4,27.698983,-82.690333,LTB,I,3933,3893,40,Z,10,2002
10/7/2002,TB,3,Z,4,27.698983,-82.690333,LTB,I,3933,3893,40,Z,10,2002
10/7/2002,TB,3,Z,4,27.698983,-82.690333,LTB,I,3933,3893,40,Z,10,2002
11/6/2002,TB,1,9,4,27.699833,-82.695083,LTB,I,3963,3914,49,0.18,11,2002
11/6/2002,TB,1,20,4,27.699833,-82.695083,LTB,I,3963,3914,49,0.41,11,2002
11/6/2002,TB,1,2,4,27.699833,-82.695083,LTB,I,3963,3914,49,0.04,11,2002
11/6/2002,TB,2,7,4,27.699033,-82.692383,LTB,I,3963,3914,49,0.14,11,2002
11/6/2002,TB,2,44,4,27.699033,-82.692383,LTB,I,3963,3914,49,0.9,11,2002
11/6/2002,TB,2,6,4,27.699033,-82.692383,LTB,I,3963,3914,49,0.12,11,2002
11/6/2002,TB,3,14,4,27.698983,-82.690333,LTB,I,3963,3914,49,0.29,11,2002
11/6/2002,TB,3,19,4,27.698983,-82.690333,LTB,I,3963,3914,49,0.39,11,2002
11/6/2002,TB,3,16,4,27.698983,-82.690333,LTB,I,3963,3914,49,0.33,11,2002
11/25/2002,TB,1,0,4,27.699833,-82.695083,LTB,I,3982,3933,49,0,11,2002
11/25/2002,TB,1,0,4,27.699833,-82.695083,LTB,I,3982,3933,49,0,11,2002
11/25/2002,TB,1,1,4,27.699833,-82.695083,LTB,I,3982,3933,49,0.02,11,2002
11/25/2002,TB,2,31,4,27.699033,-82.692383,LTB,I,3982,3933,49,0.63,11,2002
11/25/2002,TB,2,44,4,27.699033,-82.692383,LTB,I,3982,3933,49,0.9,11,2002
11/25/2002,TB,2,34,4,27.699033,-82.692383,LTB,I,3982,3933,49,0.69,11,2002
11/25/2002,TB,3,12,4,27.698983,-82.690333,LTB,I,3982,3933,49,0.24,11,2002
11/25/2002,TB,3,23,4,27.698983,-82.690333,LTB,I,3982,3933,49,0.47,11,2002
11/25/2002,TB,3,14,4,27.698983,-82.690333,LTB,I,3982,3933,49,0.29,11,2002
12/19/2002,TB,1,0,4,27.699833,-82.695083,LTB,I,4006,3963,43,0,12,2002
12/19/2002,TB,2,0,4,27.699033,-82.692383,LTB,I,4006,3963,43,0,12,2002
12/19/2002,TB,3,0,4,27.698983,-82.690333,LTB,I,4006,3963,43,0,12,2002
12/19/2002,TB,4,1,4,27.838267,-82.583683,OTB,I,4006,3963,43,0.02,12,2002
12/19/2002,TB,5,5,4,27.841133,-82.543067,OTB,I,4006,3963,43,0.12,12,2002
12/19/2002,TB,6,0,4,27.678067,-82.542183,MTB,I,4006,3963,43,0,12,2002
1/9/2003,TB,1,0,1,27.699833,-82.695083,LTB,I,4027,3982,45,0,1,2003
1/9/2003,TB,2,0,1,27.699033,-82.692383,LTB,I,4027,3982,45,0,1,2003
1/9/2003,TB,3,0,1,27.698983,-82.690333,LTB,I,4027,3982,45,0,1,2003
1/9/2003,TB,4,0,1,27.838267,-82.583683,OTB,I,4027,3982,45,0,1,2003
1/9/2003,TB,5,0,1,27.841133,-82.543067,OTB,I,4027,3982,45,0,1,2003
1/9/2003,TB,6,0,1,27.678067,-82.542183,MTB,I,4027,3982,45,0,1,2003
1/27/2003,TB,1,Z,1,27.699833,-82.695083,LTB,I,4045,4006,39,Z,1,2003
1/27/2003,TB,2,Z,1,27.699033,-82.692383,LTB,I,4045,4006,39,Z,1,2003
1/27/2003,TB,3,Z,1,27.698983,-82.690333,LTB,I,4045,4006,39,Z,1,2003
1/27/2003,TB,4,Z,1,27.838267,-82.583683,OTB,I,4045,4006,39,Z,1,2003
1/27/2003,TB,5,Z,1,27.841133,-82.543067,OTB,I,4045,4006,39,Z,1,2003
1/27/2003,TB,6,Z,1,27.678067,-82.542183,MTB,I,4045,4006,39,Z,1,2003
2/17/2003,TB,1,0,1,27.699833,-82.695083,LTB,I,4066,4027,39,0,2,2003
2/17/2003,TB,2,0,1,27.699033,-82.692383,LTB,I,4066,4027,39,0,2,2003
2/17/2003,TB,3,0,1,27.698983,-82.690333,LTB,I,4066,4027,39,0,2,2003
2/17/2003,TB,4,0,1,27.838267,-82.583683,OTB,I,4066,4027,39,0,2,2003
2/17/2003,TB,5,0,1,27.841133,-82.543067,OTB,I,4066,4027,39,0,2,2003
2/17/2003,TB,6,0,1,27.678067,-82.542183,MTB,I,4066,4027,39,0,2,2003
3/12/2003,TB,1,0,1,27.699833,-82.695083,LTB,I,4089,4045,44,0,3,2003
3/12/2003,TB,2,0,1,27.699033,-82.692383,LTB,I,4089,4045,44,0,3,2003
3/12/2003,TB,3,0,1,27.698983,-82.690333,LTB,I,4089,4045,44,0,3,2003
3/12/2003,TB,4,0,1,27.838267,-82.583683,OTB,I,4089,4045,44,0,3,2003
3/12/2003,TB,5,0,1,27.841133,-82.543067,OTB,I,4089,4045,44,0,3,2003
3/12/2003,TB,6,0,1,27.678067,-82.542183,MTB,I,4089,4045,44,0,3,2003
4/22/2003,TB,1,16,2,27.699833,-82.695083,LTB,I,4130,4089,41,0.39,4,2003
4/22/2003,TB,2,37,2,27.699033,-82.692383,LTB,I,4130,4089,41,0.9,4,2003
4/22/2003,TB,3,33,2,27.698983,-82.690333,LTB,I,4130,4089,41,0.8,4,2003
4/22/2003,TB,4,25,2,27.838267,-82.583683,OTB,I,4130,4089,41,0.61,4,2003
4/22/2003,TB,5,91,2,27.841133,-82.543067,OTB,I,4130,4089,41,2.22,4,2003
4/22/2003,TB,6,24,2,27.678067,-82.542183,MTB,I,4130,4089,41,0.59,4,2003
5/12/2003,TB,1,1,2,27.699833,-82.695083,LTB,I,4150,4066,84,0.01,5,2003
5/12/2003,TB,2,1,2,27.699033,-82.692383,LTB,I,4150,4066,84,0.01,5,2003
5/12/2003,TB,3,0,2,27.698983,-82.690333,LTB,I,4150,4066,84,0,5,2003
5/12/2003,TB,4,1,2,27.838267,-82.583683,OTB,I,4150,4066,84,0.01,5,2003
5/12/2003,TB,5,Z,2,27.841133,-82.543067,OTB,I,4150,4066,84,Z,5,2003
5/12/2003,TB,6,Z,2,27.678067,-82.542183,MTB,I,4150,4066,84,Z,5,2003
6/3/2003,TB,1,0,2,27.699833,-82.695083,LTB,I,4172,4130,42,0,6,2003
6/3/2003,TB,2,0,2,27.699033,-82.692383,LTB,I,4172,4130,42,0,6,2003
6/3/2003,TB,3,0,2,27.698983,-82.690333,LTB,I,4172,4130,42,0,6,2003
6/3/2003,TB,4,2,2,27.838267,-82.583683,OTB,I,4172,4130,42,0.05,6,2003
6/3/2003,TB,5,1,2,27.841133,-82.543067,OTB,I,4172,4130,42,0.02,6,2003
6/3/2003,TB,6,0,2,27.678067,-82.542183,MTB,I,4172,4130,42,0,6,2003
7/2/2003,TB,1,2,3,27.699833,-82.695083,LTB,I,4201,4150,51,0.04,7,2003
7/2/2003,TB,2,0,3,27.699033,-82.692383,LTB,I,4201,4150,51,0,7,2003
7/2/2003,TB,3,0,3,27.698983,-82.690333,LTB,I,4201,4150,51,0,7,2003
7/2/2003,TB,4,1,3,27.838267,-82.583683,OTB,I,4201,4150,51,0.02,7,2003
7/2/2003,TB,5,2,3,27.841133,-82.543067,OTB,I,4201,4150,51,0.04,7,2003
7/2/2003,TB,6,0,3,27.678067,-82.542183,MTB,I,4201,4150,51,0,7,2003
7/24/2003,TB,1,0,3,27.699833,-82.695083,LTB,I,4223,4172,51,0,7,2003
7/24/2003,TB,2,1,3,27.699033,-82.692383,LTB,I,4223,4172,51,0.02,7,2003
7/24/2003,TB,3,0,3,27.698983,-82.690333,LTB,I,4223,4172,51,0,7,2003
7/24/2003,TB,4,0,3,27.838267,-82.583683,OTB,I,4223,4172,51,0,7,2003
7/24/2003,TB,5,0,3,27.841133,-82.543067,OTB,I,4223,4172,51,0,7,2003
7/24/2003,TB,6,0,3,27.678067,-82.542183,MTB,I,4223,4172,51,0,7,2003
8/13/2003,TB,1,0,3,27.699833,-82.695083,LTB,I,4243,4201,42,0,8,2003
8/13/2003,TB,2,0,3,27.699033,-82.692383,LTB,I,4243,4201,42,0,8,2003
8/13/2003,TB,3,2,3,27.698983,-82.690333,LTB,I,4243,4201,42,0.05,8,2003
8/13/2003,TB,4,0,3,27.838267,-82.583683,OTB,I,4243,4201,42,0,8,2003
8/13/2003,TB,5,0,3,27.841133,-82.543067,OTB,I,4243,4201,42,0,8,2003
8/13/2003,TB,6,Z,3,27.678067,-82.542183,MTB,I,4243,4201,42,Z,8,2003
9/11/2003,TB,1,0,3,27.699833,-82.695083,LTB,I,4272,4223,49,0,9,2003
9/11/2003,TB,2,0,3,27.699033,-82.692383,LTB,I,4272,4223,49,0,9,2003
9/11/2003,TB,3,0,3,27.698983,-82.690333,LTB,I,4272,4223,49,0,9,2003
9/11/2003,TB,4,0,3,27.838267,-82.583683,OTB,I,4272,4223,49,0,9,2003
9/11/2003,TB,5,2,3,27.841133,-82.543067,OTB,I,4272,4223,49,0.04,9,2003
9/11/2003,TB,6,4,3,27.678067,-82.542183,MTB,I,4272,4223,49,0.08,9,2003
10/1/2003,TB,1,3,4,27.699833,-82.695083,LTB,I,4292,4243,49,0.06,10,2003
10/1/2003,TB,2,1,4,27.699033,-82.692383,LTB,I,4292,4243,49,0.02,10,2003
10/1/2003,TB,3,1,4,27.698983,-82.690333,LTB,I,4292,4243,49,0.02,10,2003
10/1/2003,TB,4,0,4,27.838267,-82.583683,OTB,I,4292,4243,49,0,10,2003
10/1/2003,TB,5,1,4,27.841133,-82.543067,OTB,I,4292,4243,49,0.02,10,2003
10/1/2003,TB,6,1,4,27.678067,-82.542183,MTB,I,4292,4243,49,0.02,10,2003
10/28/2003,TB,1,0,4,27.699833,-82.695083,LTB,I,4319,4272,47,0,10,2003
10/28/2003,TB,2,0,4,27.699033,-82.692383,LTB,I,4319,4272,47,0,10,2003
10/28/2003,TB,3,2,4,27.698983,-82.690333,LTB,I,4319,4272,47,0.04,10,2003
10/28/2003,TB,4,1,4,27.838267,-82.583683,OTB,I,4319,4272,47,0.02,10,2003
10/28/2003,TB,5,1,4,27.841133,-82.543067,OTB,I,4319,4272,47,0.02,10,2003
10/28/2003,TB,6,3,4,27.678067,-82.542183,MTB,I,4319,4272,47,0.06,10,2003
11/25/2003,TB,1,2,4,27.699833,-82.695083,LTB,I,4347,4292,55,0.04,11,2003
11/25/2003,TB,2,12,4,27.699033,-82.692383,LTB,I,4347,4292,55,0.22,11,2003
11/25/2003,TB,3,3,4,27.698983,-82.690333,LTB,I,4347,4292,55,0.05,11,2003
11/25/2003,TB,4,5,4,27.838267,-82.583683,OTB,I,4347,4292,55,0.09,11,2003
11/25/2003,TB,5,0,4,27.841133,-82.543067,OTB,I,4347,4292,55,0,11,2003
11/25/2003,TB,6,3,4,27.678067,-82.542183,MTB,I,4347,4292,55,0.05,11,2003
12/18/2003,TB,1,2,4,27.699833,-82.695083,LTB,I,4370,4319,51,0.04,12,2003
12/18/2003,TB,2,4,4,27.699033,-82.692383,LTB,I,4370,4319,51,0.08,12,2003
12/18/2003,TB,3,0,4,27.698983,-82.690333,LTB,I,4370,4319,51,0,12,2003
12/18/2003,TB,4,2,4,27.838267,-82.583683,OTB,I,4370,4319,51,0.04,12,2003
12/18/2003,TB,5,3,4,27.841133,-82.543067,OTB,I,4370,4319,51,0.06,12,2003
12/18/2003,TB,6,Z,4,27.678067,-82.542183,MTB,I,4370,4319,51,Z,12,2003
1/15/2004,TB,1,0,1,27.6997,-82.6955,LTB,I,4398,4347,51,0,1,2004
1/15/2004,TB,2,0,1,27.6593,-82.692783,LTB,I,4398,4347,51,0,1,2004
1/15/2004,TB,3,0,1,27.741633,-82.630783,MTB,O,4398,4347,51,0,1,2004
1/15/2004,TB,4,0,1,27.741633,-82.630783,OTB,O,4398,4347,51,0,1,2004
1/15/2004,TB,5,0,1,27.741633,-82.630783,OTB,O,4398,4347,51,0,1,2004
1/15/2004,TB,6,0,1,27.741633,-82.630783,MTB,O,4398,4347,51,0,1,2004
1/29/2004,TB,1,Z,1,27.741633,-82.630783,LTB,I,4412,4370,42,Z,1,2004
1/29/2004,TB,2,Z,1,27.741633,-82.630783,LTB,I,4412,4370,42,Z,1,2004
1/29/2004,TB,3,Z,1,27.741633,-82.630783,MTB,O,4412,4370,42,Z,1,2004
1/29/2004,TB,4,Z,1,27.741633,-82.630783,OTB,O,4412,4370,42,Z,1,2004
1/29/2004,TB,5,Z,1,27.741633,-82.630783,OTB,O,4412,4370,42,Z,1,2004
1/29/2004,TB,6,Z,1,27.741633,-82.630783,MTB,O,4412,4370,42,Z,1,2004
2/19/2004,TB,1,0,1,27.741633,-82.630783,LTB,I,4433,4398,35,0,2,2004
2/19/2004,TB,2,0,1,27.741633,-82.630783,LTB,I,4433,4398,35,0,2,2004
2/19/2004,TB,3,0,1,27.741633,-82.630783,MTB,O,4433,4398,35,0,2,2004
2/19/2004,TB,4,0,1,27.838267,-82.583683,OTB,O,4433,4398,35,0,2,2004
2/19/2004,TB,5,0,1,27.841133,-82.543067,OTB,O,4433,4398,35,0,2,2004
2/19/2004,TB,6,0,1,27.678067,-82.542183,MTB,O,4433,4398,35,0,2,2004
3/17/2004,TB,1,0,1,27.6997,-82.6955,LTB,I,4460,4412,48,0,3,2004
3/17/2004,TB,2,0,1,27.6593,-82.692783,LTB,I,4460,4412,48,0,3,2004
3/17/2004,TB,3,0,1,27.741633,-82.630783,MTB,O,4460,4412,48,0,3,2004
3/17/2004,TB,4,0,1,27.838267,-82.583683,OTB,O,4460,4412,48,0,3,2004
3/17/2004,TB,5,0,1,27.841133,-82.543067,OTB,O,4460,4412,48,0,3,2004
3/17/2004,TB,6,0,1,27.678067,-82.542183,MTB,O,4460,4412,48,0,3,2004
3/30/2004,TB,1,0,1,27.6997,-82.6955,LTB,I,4473,4433,40,0,3,2004
3/30/2004,TB,2,0,1,27.6593,-82.692783,LTB,I,4473,4433,40,0,3,2004
3/30/2004,TB,3,0,1,27.741633,-82.630783,MTB,O,4473,4433,40,0,3,2004
3/30/2004,TB,4,0,1,27.838267,-82.583683,OTB,O,4473,4433,40,0,3,2004
3/30/2004,TB,5,0,1,27.841133,-82.543067,OTB,O,4473,4433,40,0,3,2004
3/30/2004,TB,6,0,1,27.678067,-82.542183,MTB,O,4473,4433,40,0,3,2004
4/19/2004,TB,1,0,2,27.6997,-82.6955,LTB,I,4493,4460,33,0,4,2004
4/19/2004,TB,2,0,2,27.6593,-82.692783,LTB,I,4493,4460,33,0,4,2004
4/19/2004,TB,3,0,2,27.741633,-82.630783,MTB,O,4493,4460,33,0,4,2004
4/19/2004,TB,4,0,2,27.838267,-82.583683,OTB,O,4493,4460,33,0,4,2004
4/19/2004,TB,5,0,2,27.841133,-82.543067,OTB,O,4493,4460,33,0,4,2004
4/19/2004,TB,6,Z,2,27.678067,-82.542183,MTB,O,4493,4460,33,Z,4,2004
5/14/2004,TB,1,0,2,27.6997,-82.6955,LTB,I,4518,4473,45,0,5,2004
5/14/2004,TB,2,5,2,27.6593,-82.692783,LTB,I,4518,4473,45,0.11,5,2004
5/14/2004,TB,3,9,2,27.741633,-82.630783,MTB,O,4518,4473,45,0.2,5,2004
5/14/2004,TB,4,2,2,27.838267,-82.583683,OTB,O,4518,4473,45,0.04,5,2004
5/14/2004,TB,5,3,2,27.841133,-82.543067,OTB,O,4518,4473,45,0.07,5,2004
5/14/2004,TB,6,16,2,27.678067,-82.542183,MTB,O,4518,4473,45,0.36,5,2004
6/4/2004,TB,1,2,2,27.6997,-82.6955,LTB,I,4539,4493,46,0.04,6,2004
6/4/2004,TB,2,4,2,27.6593,-82.692783,LTB,I,4539,4493,46,0.09,6,2004
6/4/2004,TB,3,1,2,27.741633,-82.630783,MTB,O,4539,4493,46,0.02,6,2004
6/4/2004,TB,4,1,2,27.838267,-82.583683,OTB,O,4539,4493,46,0.02,6,2004
6/4/2004,TB,5,1,2,27.841133,-82.543067,OTB,O,4539,4493,46,0.02,6,2004
6/4/2004,TB,6,4,2,27.678067,-82.542183,MTB,O,4539,4493,46,0.09,6,2004
6/30/2004,TB,1,8,2,27.6997,-82.6955,LTB,I,4565,4518,47,0.17,6,2004
6/30/2004,TB,2,0,2,27.6593,-82.692783,LTB,I,4565,4518,47,0,6,2004
6/30/2004,TB,3,0,2,27.741633,-82.630783,MTB,O,4565,4518,47,0,6,2004
6/30/2004,TB,4,0,2,27.838267,-82.583683,OTB,O,4565,4518,47,0,6,2004
6/30/2004,TB,5,0,2,27.841133,-82.543067,OTB,O,4565,4518,47,0,6,2004
6/30/2004,TB,6,0,2,27.678067,-82.542183,MTB,O,4565,4518,47,0,6,2004
7/21/2004,TB,1,0,3,27.6997,-82.6955,LTB,I,4586,4539,47,0,7,2004
7/21/2004,TB,2,0,3,27.6593,-82.692783,LTB,I,4586,4539,47,0,7,2004
7/21/2004,TB,3,0,3,27.741633,-82.630783,MTB,O,4586,4539,47,0,7,2004
7/21/2004,TB,4,0,3,27.838267,-82.583683,OTB,O,4586,4539,47,0,7,2004
7/21/2004,TB,5,0,3,27.841133,-82.543067,OTB,O,4586,4539,47,0,7,2004
7/21/2004,TB,6,0,3,27.678067,-82.542183,MTB,O,4586,4539,47,0,7,2004
8/19/2004,TB,1,0,3,27.6997,-82.6955,LTB,I,4615,4565,50,0,8,2004
8/19/2004,TB,2,0,3,27.6593,-82.692783,LTB,I,4615,4565,50,0,8,2004
8/19/2004,TB,3,0,3,27.741633,-82.630783,MTB,O,4615,4565,50,0,8,2004
8/19/2004,TB,4,0,3,27.838267,-82.583683,OTB,O,4615,4565,50,0,8,2004
8/19/2004,TB,5,0,3,27.841133,-82.543067,OTB,O,4615,4565,50,0,8,2004
8/19/2004,TB,6,0,3,27.678067,-82.542183,MTB,O,4615,4565,50,0,8,2004
9/9/2004,TB,1,0,3,27.6997,-82.6955,LTB,I,4636,4586,50,0,9,2004
9/9/2004,TB,3,0,3,27.741633,-82.630783,MTB,O,4636,4586,50,0,9,2004
9/9/2004,TB,4,0,3,27.838267,-82.583683,OTB,O,4636,4586,50,0,9,2004
9/9/2004,TB,6,0,3,27.678067,-82.542183,MTB,O,4636,4586,50,0,9,2004
3/9/2005,TB,1,0,1,27.699833,-82.695083,LTB,I,4817,4776,41,0,3,2005
3/9/2005,TB,2,0,1,27.699033,-82.692383,LTB,I,4817,4776,41,0,3,2005
3/9/2005,TB,3,0,1,27.698983,-82.690333,LTB,I,4817,4776,41,0,3,2005
3/9/2005,TB,4,0,1,27.838267,-82.583683,OTB,O,4817,4776,41,0,3,2005
3/9/2005,TB,5,0,1,27.841133,-82.543067,OTB,O,4817,4776,41,0,3,2005
3/9/2005,TB,6,Z,1,27.678067,-82.542183,MTB,O,4817,4776,41,Z,3,2005
3/30/2005,TB,1,0,1,27.699833,-82.695083,LTB,I,4838,4798,40,0,3,2005
3/30/2005,TB,2,0,1,27.699033,-82.692383,LTB,I,4838,4798,40,0,3,2005
3/30/2005,TB,3,0,1,27.698983,-82.690333,LTB,I,4838,4798,40,0,3,2005
3/30/2005,TB,4,0,1,27.838267,-82.583683,OTB,O,4838,4798,40,0,3,2005
3/30/2005,TB,5,0,1,27.841133,-82.543067,OTB,O,4838,4798,40,0,3,2005
3/30/2005,TB,6,0,1,27.678067,-82.542183,MTB,O,4838,4798,40,0,3,2005
4/21/2005,TB,1,17,2,27.699833,-82.695083,LTB,I,4860,4817,43,0.4,4,2005
4/21/2005,TB,2,10,2,27.699033,-82.692383,LTB,I,4860,4817,43,0.23,4,2005
4/21/2005,TB,3,19,2,27.698983,-82.690333,LTB,I,4860,4817,43,0.44,4,2005
4/21/2005,TB,4,78,2,27.838267,-82.583683,OTB,O,4860,4817,43,1.81,4,2005
4/21/2005,TB,5,13,2,27.841133,-82.543067,OTB,O,4860,4817,43,0.3,4,2005
4/21/2005,TB,6,35,2,27.678067,-82.542183,MTB,O,4860,4817,43,0.81,4,2005
5/13/2005,TB,1,6,2,27.699833,-82.695083,LTB,I,4882,4838,44,0.14,5,2005
5/13/2005,TB,2,16,2,27.699033,-82.692383,LTB,I,4882,4838,44,0.36,5,2005
5/13/2005,TB,3,1,2,27.698983,-82.690333,LTB,I,4882,4838,44,0.02,5,2005
5/13/2005,TB,4,7,2,27.838267,-82.583683,OTB,O,4882,4838,44,0.16,5,2005
5/13/2005,TB,5,12,2,27.841133,-82.543067,OTB,O,4882,4838,44,0.27,5,2005
5/13/2005,TB,6,Z,2,27.678067,-82.542183,MTB,O,4882,4838,44,Z,5,2005
6/3/2005,TB,1,2,2,27.699833,-82.695083,LTB,I,4903,4860,43,0.05,6,2005
6/3/2005,TB,2,0,2,27.699033,-82.692383,LTB,I,4903,4860,43,0,6,2005
6/3/2005,TB,3,0,2,27.698983,-82.690333,LTB,I,4903,4860,43,0,6,2005
6/3/2005,TB,4,5,2,27.838267,-82.583683,OTB,O,4903,4860,43,0.12,6,2005
6/3/2005,TB,5,6,2,27.841133,-82.543067,OTB,O,4903,4860,43,0.14,6,2005
6/3/2005,TB,6,3,2,27.678067,-82.542183,MTB,O,4903,4860,43,0.07,6,2005
7/1/2005,TB,1,0,3,27.699833,-82.695083,LTB,I,4931,4882,49,0,7,2005
7/1/2005,TB,2,0,3,27.699033,-82.692383,LTB,I,4931,4882,49,0,7,2005
7/1/2005,TB,3,0,3,27.698983,-82.690333,LTB,I,4931,4882,49,0,7,2005
7/1/2005,TB,4,0,3,27.838267,-82.583683,OTB,O,4931,4882,49,0,7,2005
7/1/2005,TB,5,0,3,27.841133,-82.543067,OTB,O,4931,4882,49,0,7,2005
7/1/2005,TB,6,0,3,27.678067,-82.542183,MTB,O,4931,4882,49,0,7,2005
7/22/2005,TB,1,0,3,27.699833,-82.695083,LTB,I,4952,4903,49,0,7,2005
7/22/2005,TB,2,0,3,27.699033,-82.692383,LTB,I,4952,4903,49,0,7,2005
7/22/2005,TB,3,0,3,27.698983,-82.690333,LTB,I,4952,4903,49,0,7,2005
7/22/2005,TB,4,0,3,27.838267,-82.583683,OTB,O,4952,4903,49,0,7,2005
7/22/2005,TB,5,0,3,27.841133,-82.543067,OTB,O,4952,4903,49,0,7,2005
7/22/2005,TB,6,Z,3,27.678067,-82.542183,MTB,O,4952,4903,49,Z,7,2005
8/12/2005,TB,1,0,3,27.699833,-82.695083,LTB,I,4973,4931,42,0,8,2005
8/12/2005,TB,2,0,3,27.699033,-82.692383,LTB,I,4973,4931,42,0,8,2005
8/12/2005,TB,3,0,3,27.698983,-82.690333,LTB,I,4973,4931,42,0,8,2005
8/12/2005,TB,4,0,3,27.838267,-82.583683,OTB,O,4973,4931,42,0,8,2005
8/12/2005,TB,5,0,3,27.841133,-82.543067,OTB,O,4973,4931,42,0,8,2005
8/12/2005,TB,6,0,3,27.678067,-82.542183,MTB,O,4973,4931,42,0,8,2005
8/31/2005,TB,1,0,3,27.699833,-82.695083,LTB,I,4992,4952,40,0,8,2005
8/31/2005,TB,2,0,3,27.699033,-82.692383,LTB,I,4992,4952,40,0,8,2005
8/31/2005,TB,3,0,3,27.698983,-82.690333,LTB,I,4992,4952,40,0,8,2005
8/31/2005,TB,4,0,3,27.838267,-82.583683,OTB,O,4992,4952,40,0,8,2005
8/31/2005,TB,5,0,3,27.841133,-82.543067,OTB,O,4992,4952,40,0,8,2005
8/31/2005,TB,6,Z,3,27.678067,-82.542183,MTB,O,4992,4952,40,Z,8,2005
9/23/2005,TB,1,0,3,27.699833,-82.695083,LTB,I,5015,4973,42,0,9,2005
9/23/2005,TB,2,0,3,27.699033,-82.692383,LTB,I,5015,4973,42,0,9,2005
9/23/2005,TB,3,0,3,27.698983,-82.690333,LTB,I,5015,4973,42,0,9,2005
9/23/2005,TB,4,0,3,27.838267,-82.583683,OTB,O,5015,4973,42,0,9,2005
9/23/2005,TB,5,0,3,27.841133,-82.543067,OTB,O,5015,4973,42,0,9,2005
9/23/2005,TB,6,0,3,27.678067,-82.542183,MTB,O,5015,4973,42,0,9,2005
10/13/2005,TB,1,0,4,27.699833,-82.695083,LTB,I,5035,4992,43,0,10,2005
10/13/2005,TB,2,0,4,27.699033,-82.692383,LTB,I,5035,4992,43,0,10,2005
10/13/2005,TB,3,0,4,27.698983,-82.690333,LTB,I,5035,4992,43,0,10,2005
10/13/2005,TB,4,0,4,27.838267,-82.583683,OTB,O,5035,4992,43,0,10,2005
10/13/2005,TB,5,0,4,27.841133,-82.543067,OTB,O,5035,4992,43,0,10,2005
10/13/2005,TB,6,0,4,27.678067,-82.542183,MTB,O,5035,4992,43,0,10,2005
10/31/2005,TB,1,0,4,27.699833,-82.695083,LTB,I,5053,5015,38,0,10,2005
10/31/2005,TB,2,0,4,27.699033,-82.692383,LTB,I,5053,5015,38,0,10,2005
10/31/2005,TB,3,0,4,27.698983,-82.690333,LTB,I,5053,5015,38,0,10,2005
10/31/2005,TB,4,0,4,27.838267,-82.583683,OTB,O,5053,5015,38,0,10,2005
10/31/2005,TB,5,0,4,27.841133,-82.543067,OTB,O,5053,5015,38,0,10,2005
10/31/2005,TB,6,0,4,27.678067,-82.542183,MTB,O,5053,5015,38,0,10,2005
11/21/2005,TB,1,0,4,27.699833,-82.695083,LTB,I,5074,5035,39,0,11,2005
11/21/2005,TB,2,0,4,27.699033,-82.692383,LTB,I,5074,5035,39,0,11,2005
11/21/2005,TB,3,0,4,27.698983,-82.690333,LTB,I,5074,5035,39,0,11,2005
11/21/2005,TB,4,0,4,27.838267,-82.583683,OTB,O,5074,5035,39,0,11,2005
11/21/2005,TB,5,0,4,27.841133,-82.543067,OTB,O,5074,5035,39,0,11,2005
11/21/2005,TB,6,0,4,27.678067,-82.542183,MTB,O,5074,5035,39,0,11,2005
12/15/2005,TB,1,0,4,27.699833,-82.695083,LTB,I,5098,5053,45,0,12,2005
12/15/2005,TB,2,0,4,27.699033,-82.692383,LTB,I,5098,5053,45,0,12,2005
12/15/2005,TB,3,0,4,27.698983,-82.690333,LTB,I,5098,5053,45,0,12,2005
12/15/2005,TB,4,0,4,27.838267,-82.583683,OTB,O,5098,5053,45,0,12,2005
12/15/2005,TB,5,0,4,27.841133,-82.543067,OTB,O,5098,5053,45,0,12,2005
12/15/2005,TB,6,Z,4,27.678067,-82.542183,MTB,O,5098,5053,45,Z,12,2005
1/3/2006,TB,1,0,1,27.699833,-82.695083,LTB,I,5117,5074,43,0,1,2006
1/3/2006,TB,2,0,1,27.699033,-82.692383,LTB,I,5117,5074,43,0,1,2006
1/3/2006,TB,3,0,1,27.698983,-82.690333,LTB,I,5117,5074,43,0,1,2006
1/3/2006,TB,4,0,1,27.66,-82.687333,LTB,I,5117,5074,43,0,1,2006
1/3/2006,TB,5,0,1,27.660633,-82.691,LTB,I,5117,5074,43,0,1,2006
1/3/2006,TB,6,Z,1,27.65955,-82.692233,LTB,I,5117,5074,43,Z,1,2006
1/26/2006,TB,1,Z,1,27.699833,-82.695083,LTB,I,5140,5098,42,Z,1,2006
1/26/2006,TB,2,Z,1,27.699033,-82.692383,LTB,I,5140,5098,42,Z,1,2006
1/26/2006,TB,3,Z,1,27.698983,-82.690333,LTB,I,5140,5098,42,Z,1,2006
1/26/2006,TB,4,Z,1,27.66,-82.687333,LTB,I,5140,5098,42,Z,1,2006
1/26/2006,TB,5,Z,1,27.660633,-82.691,LTB,I,5140,5098,42,Z,1,2006
1/26/2006,TB,6,Z,1,27.65955,-82.692233,LTB,I,5140,5098,42,Z,1,2006
2/15/2006,TB,1,0,1,27.699833,-82.695083,LTB,I,5160,5117,43,0,2,2006
2/15/2006,TB,2,0,1,27.699033,-82.692383,LTB,I,5160,5117,43,0,2,2006
2/15/2006,TB,3,0,1,27.698983,-82.690333,LTB,I,5160,5117,43,0,2,2006
2/15/2006,TB,4,0,1,27.66,-82.687333,LTB,I,5160,5117,43,0,2,2006
2/15/2006,TB,5,0,1,27.660633,-82.691,LTB,I,5160,5117,43,0,2,2006
2/15/2006,TB,6,Z,1,27.65955,-82.692233,LTB,I,5160,5117,43,Z,2,2006
3/10/2006,TB,1,0,1,27.699833,-82.695083,LTB,I,5183,5140,43,0,3,2006
3/10/2006,TB,2,0,1,27.699033,-82.692383,LTB,I,5183,5140,43,0,3,2006
3/10/2006,TB,3,0,1,27.698983,-82.690333,LTB,I,5183,5140,43,0,3,2006
3/10/2006,TB,4,0,1,27.66,-82.687333,LTB,I,5183,5140,43,0,3,2006
3/10/2006,TB,5,0,1,27.660633,-82.691,LTB,I,5183,5140,43,0,3,2006
3/10/2006,TB,6,Z,1,27.65955,-82.692233,LTB,I,5183,5140,43,Z,3,2006
3/28/2006,TB,1,0,1,27.699833,-82.695083,LTB,I,5201,5160,41,0,3,2006
3/28/2006,TB,2,0,1,27.699033,-82.692383,LTB,I,5201,5160,41,0,3,2006
3/28/2006,TB,3,0,1,27.698983,-82.690333,LTB,I,5201,5160,41,0,3,2006
3/28/2006,TB,4,0,1,27.66,-82.687333,LTB,I,5201,5160,41,0,3,2006
3/28/2006,TB,5,0,1,27.660633,-82.691,LTB,I,5201,5160,41,0,3,2006
3/28/2006,TB,6,0,1,27.65955,-82.692233,LTB,I,5201,5160,41,0,3,2006
4/25/2006,TB,1,0,2,27.699833,-82.695083,LTB,I,5229,5183,46,0,4,2006
4/25/2006,TB,2,0,2,27.699033,-82.692383,LTB,I,5229,5183,46,0,4,2006
4/25/2006,TB,3,0,2,27.698983,-82.690333,LTB,I,5229,5183,46,0,4,2006
4/25/2006,TB,4,0,2,27.66,-82.687333,LTB,I,5229,5183,46,0,4,2006
4/25/2006,TB,5,0,2,27.660633,-82.691,LTB,I,5229,5183,46,0,4,2006
4/25/2006,TB,6,Z,2,27.65955,-82.692233,LTB,I,5229,5183,46,Z,4,2006
6/2/2006,TB,1,0,2,27.699833,-82.695083,LTB,I,5267,5201,66,0,6,2006
6/2/2006,TB,2,0,2,27.699033,-82.692383,LTB,I,5267,5201,66,0,6,2006
6/2/2006,TB,3,0,2,27.698983,-82.690333,LTB,I,5267,5201,66,0,6,2006
6/2/2006,TB,4,0,2,27.66,-82.687333,LTB,I,5267,5201,66,0,6,2006
6/2/2006,TB,5,0,2,27.660633,-82.691,LTB,I,5267,5201,66,0,6,2006
6/2/2006,TB,6,Z,2,27.65955,-82.692233,LTB,I,5267,5201,66,Z,6,2006
6/22/2006,TB,1,Z,2,27.699833,-82.695083,LTB,I,5287,5229,58,Z,6,2006
6/22/2006,TB,2,Z,2,27.699033,-82.692383,LTB,I,5287,5229,58,Z,6,2006
6/22/2006,TB,3,Z,2,27.698983,-82.690333,LTB,I,5287,5229,58,Z,6,2006
6/22/2006,TB,4,Z,2,27.66,-82.687333,LTB,I,5287,5229,58,Z,6,2006
6/22/2006,TB,5,Z,2,27.660633,-82.691,LTB,I,5287,5229,58,Z,6,2006
6/22/2006,TB,6,Z,2,27.65955,-82.692233,LTB,I,5287,5229,58,Z,6,2006
7/20/2006,TB,1,0,3,27.699833,-82.695083,LTB,I,5315,5267,48,0,7,2006
7/20/2006,TB,2,0,3,27.699033,-82.692383,LTB,I,5315,5267,48,0,7,2006
7/20/2006,TB,3,0,3,27.698983,-82.690333,LTB,I,5315,5267,48,0,7,2006
7/20/2006,TB,4,0,3,27.66,-82.687333,LTB,I,5315,5267,48,0,7,2006
7/20/2006,TB,5,0,3,27.660633,-82.691,LTB,I,5315,5267,48,0,7,2006
7/20/2006,TB,6,Z,3,27.65955,-82.692233,LTB,I,5315,5267,48,Z,7,2006
8/7/2006,TB,1,1,3,27.699833,-82.695083,LTB,I,5333,5287,46,0.02,8,2006
8/7/2006,TB,2,7,3,27.699033,-82.692383,LTB,I,5333,5287,46,0.15,8,2006
8/7/2006,TB,3,0,3,27.698983,-82.690333,LTB,I,5333,5287,46,0,8,2006
8/7/2006,TB,4,1,3,27.66,-82.687333,LTB,I,5333,5287,46,0.02,8,2006
8/7/2006,TB,5,0,3,27.660633,-82.691,LTB,I,5333,5287,46,0,8,2006
8/7/2006,TB,6,0,3,27.65955,-82.692233,LTB,I,5333,5287,46,0,8,2006
9/5/2006,TB,1,0,3,27.699833,-82.695083,LTB,I,5362,5315,47,0,9,2006
9/5/2006,TB,2,0,3,27.699033,-82.692383,LTB,I,5362,5315,47,0,9,2006
9/5/2006,TB,3,0,3,27.698983,-82.690333,LTB,I,5362,5315,47,0,9,2006
9/5/2006,TB,4,0,3,27.66,-82.687333,LTB,I,5362,5315,47,0,9,2006
9/5/2006,TB,5,0,3,27.660633,-82.691,LTB,I,5362,5315,47,0,9,2006
9/5/2006,TB,6,0,3,27.65955,-82.692233,LTB,I,5362,5315,47,0,9,2006
10/2/2006,TB,1,0,4,27.699833,-82.695083,LTB,I,5389,5333,56,0,10,2006
10/2/2006,TB,2,0,4,27.699033,-82.692383,LTB,I,5389,5333,56,0,10,2006
10/2/2006,TB,3,0,4,27.698983,-82.690333,LTB,I,5389,5333,56,0,10,2006
10/2/2006,TB,4,0,4,27.66,-82.687333,LTB,I,5389,5333,56,0,10,2006
10/2/2006,TB,5,Z,4,27.660633,-82.691,LTB,I,5389,5333,56,Z,10,2006
10/2/2006,TB,6,Z,4,27.65955,-82.692233,LTB,I,5389,5333,56,Z,10,2006
10/30/2006,TB,1,0,4,27.699833,-82.695083,LTB,I,5417,5362,55,0,10,2006
10/30/2006,TB,2,0,4,27.699033,-82.692383,LTB,I,5417,5362,55,0,10,2006
10/30/2006,TB,3,0,4,27.698983,-82.690333,LTB,I,5417,5362,55,0,10,2006
10/30/2006,TB,4,0,4,27.66,-82.687333,LTB,I,5417,5362,55,0,10,2006
10/30/2006,TB,5,0,4,27.660633,-82.691,LTB,I,5417,5362,55,0,10,2006
10/30/2006,TB,6,Z,4,27.65955,-82.692233,LTB,I,5417,5362,55,Z,10,2006
11/30/2006,TB,1,0,4,27.699833,-82.695083,LTB,I,5448,5389,59,0,11,2006
11/30/2006,TB,2,0,4,27.699033,-82.692383,LTB,I,5448,5389,59,0,11,2006
11/30/2006,TB,3,0,4,27.698983,-82.690333,LTB,I,5448,5389,59,0,11,2006
11/30/2006,TB,4,0,4,27.66,-82.687333,LTB,I,5448,5389,59,0,11,2006
11/30/2006,TB,5,Z,4,27.660633,-82.691,LTB,I,5448,5389,59,Z,11,2006
11/30/2006,TB,6,Z,4,27.65955,-82.692233,LTB,I,5448,5389,59,Z,11,2006
12/18/2006,TB,1,0,4,27.699833,-82.695083,LTB,I,5466,5417,49,0,12,2006
12/18/2006,TB,2,0,4,27.699033,-82.692383,LTB,I,5466,5417,49,0,12,2006
12/18/2006,TB,3,0,4,27.698983,-82.690333,LTB,I,5466,5417,49,0,12,2006
12/18/2006,TB,4,0,4,27.66,-82.687333,LTB,I,5466,5417,49,0,12,2006
12/18/2006,TB,5,0,4,27.660633,-82.691,LTB,I,5466,5417,49,0,12,2006
12/18/2006,TB,6,Z,4,27.65955,-82.692233,LTB,I,5466,5417,49,Z,12,2006
1/17/2007,TB,1,0,1,27.699833,-82.695083,LTB,I,5496,5448,48,0,1,2007
1/17/2007,TB,2,0,1,27.698983,-82.690333,LTB,I,5496,5448,48,0,1,2007
1/17/2007,TB,3,0,1,27.66,-82.687333,LTB,I,5496,5448,48,0,1,2007
1/17/2007,TB,4,0,1,27.65955,-82.692233,LTB,I,5496,5448,48,0,1,2007
1/17/2007,TB,5,0,1,27.644633,-82.722217,LTB,I,5496,5448,48,0,1,2007
1/17/2007,TB,6,Z,1,27.6427,-82.722317,LTB,I,5496,5448,48,Z,1,2007
2/14/2007,TB,1,0,1,27.699833,-82.695083,LTB,I,5524,5466,58,0,2,2007
2/14/2007,TB,2,0,1,27.698983,-82.690333,LTB,I,5524,5466,58,0,2,2007
2/14/2007,TB,3,0,1,27.66,-82.687333,LTB,I,5524,5466,58,0,2,2007
2/14/2007,TB,4,0,1,27.65955,-82.692233,LTB,I,5524,5466,58,0,2,2007
2/14/2007,TB,5,0,1,27.644633,-82.722217,LTB,I,5524,5466,58,0,2,2007
2/14/2007,TB,6,0,1,27.6427,-82.722317,LTB,I,5524,5466,58,0,2,2007
3/12/2007,TB,1,0,1,27.699833,-82.695083,LTB,I,5550,5496,54,0,3,2007
3/12/2007,TB,2,0,1,27.698983,-82.690333,LTB,I,5550,5496,54,0,3,2007
3/12/2007,TB,3,0,1,27.66,-82.687333,LTB,I,5550,5496,54,0,3,2007
3/12/2007,TB,4,0,1,27.65955,-82.692233,LTB,I,5550,5496,54,0,3,2007
3/12/2007,TB,5,0,1,27.644633,-82.722217,LTB,I,5550,5496,54,0,3,2007
3/12/2007,TB,6,0,1,27.6427,-82.722317,LTB,I,5550,5496,54,0,3,2007
4/17/2007,TB,1,3,2,27.699833,-82.695083,LTB,I,5586,5524,62,0.05,4,2007
4/17/2007,TB,2,0,2,27.698983,-82.690333,LTB,I,5586,5524,62,0,4,2007
4/17/2007,TB,3,1,2,27.66,-82.687333,LTB,I,5586,5524,62,0.02,4,2007
4/17/2007,TB,4,0,2,27.65955,-82.692233,LTB,I,5586,5524,62,0,4,2007
4/17/2007,TB,5,1,2,27.644633,-82.722217,LTB,I,5586,5524,62,0.02,4,2007
4/17/2007,TB,6,0,2,27.6427,-82.722317,LTB,I,5586,5524,62,0,4,2007
5/15/2007,TB,1,Z,2,27.699833,-82.695083,LTB,I,5614,5550,64,Z,5,2007
5/15/2007,TB,2,Z,2,27.698983,-82.690333,LTB,I,5614,5550,64,Z,5,2007
5/15/2007,TB,3,Z,2,27.66,-82.687333,LTB,I,5614,5550,64,Z,5,2007
5/15/2007,TB,4,Z,2,27.65955,-82.692233,LTB,I,5614,5550,64,Z,5,2007
5/15/2007,TB,5,Z,2,27.644633,-82.722217,LTB,I,5614,5550,64,Z,5,2007
5/15/2007,TB,6,Z,2,27.6427,-82.722317,LTB,I,5614,5550,64,Z,5,2007
6/12/2007,TB,1,0,2,27.699833,-82.695083,LTB,I,5642,5586,56,0,6,2007
6/12/2007,TB,2,0,2,27.698983,-82.690333,LTB,I,5642,5586,56,0,6,2007
6/12/2007,TB,3,0,2,27.66,-82.687333,LTB,I,5642,5586,56,0,6,2007
6/12/2007,TB,4,0,2,27.65955,-82.692233,LTB,I,5642,5586,56,0,6,2007
6/12/2007,TB,5,0,2,27.644633,-82.722217,LTB,I,5642,5586,56,0,6,2007
6/12/2007,TB,6,Z,2,27.6427,-82.722317,LTB,I,5642,5586,56,Z,6,2007
7/17/2007,TB,1,1,3,27.699833,-82.695083,LTB,I,5677,5614,63,0.02,7,2007
7/17/2007,TB,2,2,3,27.698983,-82.690333,LTB,I,5677,5614,63,0.03,7,2007
7/17/2007,TB,3,3,3,27.66,-82.687333,LTB,I,5677,5614,63,0.05,7,2007
7/17/2007,TB,4,0,3,27.65955,-82.692233,LTB,I,5677,5614,63,0,7,2007
7/17/2007,TB,5,3,3,27.644633,-82.722217,LTB,I,5677,5614,63,0.05,7,2007
7/17/2007,TB,6,Z,3,27.6427,-82.722317,LTB,I,5677,5614,63,Z,7,2007
8/15/2007,TB,1,0,3,27.699833,-82.695083,LTB,I,5706,5642,64,0,8,2007
8/15/2007,TB,2,1,3,27.698983,-82.690333,LTB,I,5706,5642,64,0.02,8,2007
8/15/2007,TB,3,0,3,27.66,-82.687333,LTB,I,5706,5642,64,0,8,2007
8/15/2007,TB,4,1,3,27.65955,-82.692233,LTB,I,5706,5642,64,0.02,8,2007
8/15/2007,TB,5,Z,3,27.644633,-82.722217,LTB,I,5706,5642,64,Z,8,2007
8/15/2007,TB,6,Z,3,27.6427,-82.722317,LTB,I,5706,5642,64,Z,8,2007
9/17/2007,TB,1,0,3,27.699833,-82.695083,LTB,I,5739,5677,62,0,9,2007
9/17/2007,TB,2,1,3,27.698983,-82.690333,LTB,I,5739,5677,62,0.02,9,2007
9/17/2007,TB,3,0,3,27.66,-82.687333,LTB,I,5739,5677,62,0,9,2007
9/17/2007,TB,4,0,3,27.65955,-82.692233,LTB,I,5739,5677,62,0,9,2007
9/17/2007,TB,5,Z,3,27.644633,-82.722217,LTB,I,5739,5677,62,Z,9,2007
9/17/2007,TB,6,Z,3,27.6427,-82.722317,LTB,I,5739,5677,62,Z,9,2007
10/23/2007,TB,1,0,4,27.699833,-82.695083,LTB,I,5775,5706,69,0,10,2007
10/23/2007,TB,2,0,4,27.698983,-82.690333,LTB,I,5775,5706,69,0,10,2007
10/23/2007,TB,3,0,4,27.66,-82.687333,LTB,I,5775,5706,69,0,10,2007
10/23/2007,TB,4,Z,4,27.65955,-82.692233,LTB,I,5775,5706,69,Z,10,2007
10/23/2007,TB,5,Z,4,27.644633,-82.722217,LTB,I,5775,5706,69,Z,10,2007
10/23/2007,TB,6,Z,4,27.6427,-82.722317,LTB,I,5775,5706,69,Z,10,2007
11/19/2007,TB,1,0,4,27.699833,-82.695083,LTB,I,5802,5739,63,0,11,2007
11/19/2007,TB,2,0,4,27.698983,-82.690333,LTB,I,5802,5739,63,0,11,2007
11/19/2007,TB,3,0,4,27.66,-82.687333,LTB,I,5802,5739,63,0,11,2007
11/19/2007,TB,4,0,4,27.65955,-82.692233,LTB,I,5802,5739,63,0,11,2007
11/19/2007,TB,5,0,4,27.644633,-82.722217,LTB,I,5802,5739,63,0,11,2007
11/19/2007,TB,6,0,4,27.6427,-82.722317,LTB,I,5802,5739,63,0,11,2007
12/18/2007,TB,1,2,4,27.699833,-82.695083,LTB,I,5831,5775,56,0.04,12,2007
12/18/2007,TB,2,0,4,27.698983,-82.690333,LTB,I,5831,5775,56,0,12,2007
12/18/2007,TB,3,0,4,27.66,-82.687333,LTB,I,5831,5775,56,0,12,2007
12/18/2007,TB,4,4,4,27.65955,-82.692233,LTB,I,5831,5775,56,0.07,12,2007
12/18/2007,TB,5,0,4,27.644633,-82.722217,LTB,I,5831,5775,56,0,12,2007
12/18/2007,TB,6,0,4,27.6427,-82.722317,LTB,I,5831,5775,56,0,12,2007
1/15/2008,TB,1,0,1,27.699833,-82.695083,LTB,I,5859,5802,57,0,1,2008
1/15/2008,TB,2,0,1,27.698983,-82.690333,LTB,I,5859,5802,57,0,1,2008
1/15/2008,TB,3,0,1,27.66,-82.687333,LTB,I,5859,5802,57,0,1,2008
1/15/2008,TB,4,0,1,27.65955,-82.692233,LTB,I,5859,5802,57,0,1,2008
1/15/2008,TB,5,0,1,27.644633,-82.722217,LTB,I,5859,5802,57,0,1,2008
1/15/2008,TB,6,0,1,27.6427,-82.722317,LTB,I,5859,5802,57,0,1,2008
2/18/2008,TB,1,0,1,27.699833,-82.695083,LTB,I,5893,5831,62,0,2,2008
2/18/2008,TB,2,0,1,27.698983,-82.690333,LTB,I,5893,5831,62,0,2,2008
2/18/2008,TB,3,0,1,27.66,-82.687333,LTB,I,5893,5831,62,0,2,2008
2/18/2008,TB,4,0,1,27.65955,-82.692233,LTB,I,5893,5831,62,0,2,2008
2/18/2008,TB,5,0,1,27.644633,-82.722217,LTB,I,5893,5831,62,0,2,2008
2/18/2008,TB,6,0,1,27.6427,-82.722317,LTB,I,5893,5831,62,0,2,2008
3/18/2008,TB,1,0,1,27.699833,-82.695083,LTB,I,5922,5859,63,0,3,2008
3/18/2008,TB,2,0,1,27.698983,-82.690333,LTB,I,5922,5859,63,0,3,2008
3/18/2008,TB,3,0,1,27.66,-82.687333,LTB,I,5922,5859,63,0,3,2008
3/18/2008,TB,4,0,1,27.65955,-82.692233,LTB,I,5922,5859,63,0,3,2008
3/18/2008,TB,5,0,1,27.644633,-82.722217,LTB,I,5922,5859,63,0,3,2008
3/18/2008,TB,6,0,1,27.6427,-82.722317,LTB,I,5922,5859,63,0,3,2008
4/21/2008,TB,1,2,2,27.699833,-82.695083,LTB,I,5956,5893,63,0.03,4,2008
4/21/2008,TB,2,12,2,27.698983,-82.690333,LTB,I,5956,5893,63,0.19,4,2008
4/21/2008,TB,3,3,2,27.66,-82.687333,LTB,I,5956,5893,63,0.05,4,2008
4/21/2008,TB,4,8,2,27.65955,-82.692233,LTB,I,5956,5893,63,0.13,4,2008
4/21/2008,TB,5,0,2,27.644633,-82.722217,LTB,I,5956,5893,63,0,4,2008
4/21/2008,TB,6,10,2,27.6427,-82.722317,LTB,I,5956,5893,63,0.16,4,2008
5/20/2008,TB,1,0,2,27.699833,-82.695083,LTB,I,5985,5922,63,0,5,2008
5/20/2008,TB,2,20,2,27.698983,-82.690333,LTB,I,5985,5922,63,0.32,5,2008
5/20/2008,TB,3,7,2,27.66,-82.687333,LTB,I,5985,5922,63,0.11,5,2008
5/20/2008,TB,4,1,2,27.65955,-82.692233,LTB,I,5985,5922,63,0.02,5,2008
5/20/2008,TB,5,0,2,27.644633,-82.722217,LTB,I,5985,5922,63,0,5,2008
5/20/2008,TB,6,Z,2,27.6427,-82.722317,LTB,I,5985,5922,63,Z,5,2008
6/26/2008,TB,1,7,2,27.699833,-82.695083,LTB,I,6022,5956,66,0.11,6,2008
6/26/2008,TB,2,1,2,27.698983,-82.690333,LTB,I,6022,5956,66,0.02,6,2008
6/26/2008,TB,3,0,2,27.66,-82.687333,LTB,I,6022,5956,66,0,6,2008
6/26/2008,TB,4,1,2,27.65955,-82.692233,LTB,I,6022,5956,66,0.02,6,2008
6/26/2008,TB,5,21,2,27.644633,-82.722217,LTB,I,6022,5956,66,0.32,6,2008
6/26/2008,TB,6,3,2,27.6427,-82.722317,LTB,I,6022,5956,66,0.05,6,2008
7/23/2008,TB,1,1,3,27.699833,-82.695083,LTB,I,6049,5985,64,0.02,7,2008
7/23/2008,TB,2,1,3,27.698983,-82.690333,LTB,I,6049,5985,64,0.02,7,2008
7/23/2008,TB,3,3,3,27.66,-82.687333,LTB,I,6049,5985,64,0.05,7,2008
7/23/2008,TB,4,3,3,27.65955,-82.692233,LTB,I,6049,5985,64,0.05,7,2008
7/23/2008,TB,5,Z,3,27.644633,-82.722217,LTB,I,6049,5985,64,Z,7,2008
7/23/2008,TB,6,Z,3,27.6427,-82.722317,LTB,I,6049,5985,64,Z,7,2008
8/25/2008,TB,1,4,3,27.699833,-82.695083,LTB,I,6082,6022,60,0.07,8,2008
8/25/2008,TB,2,7,3,27.698983,-82.690333,LTB,I,6082,6022,60,0.12,8,2008
8/25/2008,TB,3,2,3,27.66,-82.687333,LTB,I,6082,6022,60,0.03,8,2008
8/25/2008,TB,4,3,3,27.65955,-82.692233,LTB,I,6082,6022,60,0.05,8,2008
8/25/2008,TB,5,1,3,27.644633,-82.722217,LTB,I,6082,6022,60,0.02,8,2008
8/25/2008,TB,6,14,3,27.6427,-82.722317,LTB,I,6082,6022,60,0.23,8,2008
9/22/2008,TB,1,0,3,27.699833,-82.695083,LTB,I,6110,6049,61,0,9,2008
9/22/2008,TB,2,0,3,27.698983,-82.690333,LTB,I,6110,6049,61,0,9,2008
9/22/2008,TB,3,4,3,27.66,-82.687333,LTB,I,6110,6049,61,0.07,9,2008
9/22/2008,TB,4,0,3,27.65955,-82.692233,LTB,I,6110,6049,61,0,9,2008
9/22/2008,TB,5,2,3,27.644633,-82.722217,LTB,I,6110,6049,61,0.03,9,2008
9/22/2008,TB,6,1,3,27.6427,-82.722317,LTB,I,6110,6049,61,0.02,9,2008
10/22/2008,TB,1,1,4,27.699833,-82.695083,LTB,I,6140,6082,58,0.02,10,2008
10/22/2008,TB,2,1,4,27.698983,-82.690333,LTB,I,6140,6082,58,0.02,10,2008
10/22/2008,TB,3,2,4,27.66,-82.687333,LTB,I,6140,6082,58,0.03,10,2008
10/22/2008,TB,4,0,4,27.65955,-82.692233,LTB,I,6140,6082,58,0,10,2008
10/22/2008,TB,5,0,4,27.644633,-82.722217,LTB,I,6140,6082,58,0,10,2008
10/22/2008,TB,6,4,4,27.6427,-82.722317,LTB,I,6140,6082,58,0.07,10,2008
11/19/2008,TB,1,0,4,27.699833,-82.695083,LTB,I,6168,6110,58,0,11,2008
11/19/2008,TB,2,0,4,27.698983,-82.690333,LTB,I,6168,6110,58,0,11,2008
11/19/2008,TB,3,0,4,27.66,-82.687333,LTB,I,6168,6110,58,0,11,2008
11/19/2008,TB,4,0,4,27.65955,-82.692233,LTB,I,6168,6110,58,0,11,2008
11/19/2008,TB,5,1,4,27.644633,-82.722217,LTB,I,6168,6110,58,0.02,11,2008
11/19/2008,TB,6,6,4,27.6427,-82.722317,LTB,I,6168,6110,58,0.1,11,2008
12/18/2008,TB,1,0,4,27.699833,-82.695083,LTB,I,6197,6140,57,0,12,2008
12/18/2008,TB,2,0,4,27.698983,-82.690333,LTB,I,6197,6140,57,0,12,2008
12/18/2008,TB,3,0,4,27.66,-82.687333,LTB,I,6197,6140,57,0,12,2008
12/18/2008,TB,4,0,4,27.65955,-82.692233,LTB,I,6197,6140,57,0,12,2008
12/18/2008,TB,5,1,4,27.644633,-82.722217,LTB,I,6197,6140,57,0.02,12,2008
12/18/2008,TB,6,0,4,27.6427,-82.722317,LTB,I,6197,6140,57,0,12,2008
1/21/2009,TB,1,0,1,27.699833,-82.695083,LTB,I,6231,6168,63,0,1,2009
1/21/2009,TB,2,0,1,27.698983,-82.690333,LTB,I,6231,6168,63,0,1,2009
1/21/2009,TB,3,0,1,27.66,-82.687333,LTB,I,6231,6168,63,0,1,2009
1/21/2009,TB,4,0,1,27.65955,-82.692233,LTB,I,6231,6168,63,0,1,2009
1/21/2009,TB,5,0,1,27.644633,-82.722217,LTB,I,6231,6168,63,0,1,2009
1/21/2009,TB,6,0,1,27.6427,-82.722317,LTB,I,6231,6168,63,0,1,2009
2/18/2009,TB,1,0,1,27.699833,-82.695083,LTB,I,6259,6197,62,0,2,2009
2/18/2009,TB,2,0,1,27.698983,-82.690333,LTB,I,6259,6197,62,0,2,2009
2/18/2009,TB,3,0,1,27.66,-82.687333,LTB,I,6259,6197,62,0,2,2009
2/18/2009,TB,4,0,1,27.65955,-82.692233,LTB,I,6259,6197,62,0,2,2009
2/18/2009,TB,5,0,1,27.644633,-82.722217,LTB,I,6259,6197,62,0,2,2009
2/18/2009,TB,6,0,1,27.6427,-82.722317,LTB,I,6259,6197,62,0,2,2009
3/17/2009,TB,1,0,1,27.699833,-82.695083,LTB,I,6286,6231,55,0,3,2009
3/17/2009,TB,2,0,1,27.698983,-82.690333,LTB,I,6286,6231,55,0,3,2009
3/17/2009,TB,3,0,1,27.66,-82.687333,LTB,I,6286,6231,55,0,3,2009
3/17/2009,TB,4,0,1,27.65955,-82.692233,LTB,I,6286,6231,55,0,3,2009
3/17/2009,TB,5,Z,1,27.644633,-82.722217,LTB,I,6286,6231,55,Z,3,2009
3/17/2009,TB,6,Z,1,27.6427,-82.722317,LTB,I,6286,6231,55,Z,3,2009
4/20/2009,TB,1,0,2,27.699833,-82.695083,LTB,I,6320,6259,61,0,4,2009
4/20/2009,TB,2,0,2,27.698983,-82.690333,LTB,I,6320,6259,61,0,4,2009
4/20/2009,TB,3,0,2,27.66,-82.687333,LTB,I,6320,6259,61,0,4,2009
4/20/2009,TB,4,0,2,27.65955,-82.692233,LTB,I,6320,6259,61,0,4,2009
4/20/2009,TB,5,Z,2,27.644633,-82.722217,LTB,I,6320,6259,61,Z,4,2009
4/20/2009,TB,6,Z,2,27.6427,-82.722317,LTB,I,6320,6259,61,Z,4,2009
5/28/2009,TB,1,1,2,27.699833,-82.695083,LTB,I,6358,6286,72,0.01,5,2009
5/28/2009,TB,2,1,2,27.698983,-82.690333,LTB,I,6358,6286,72,0.01,5,2009
5/28/2009,TB,3,1,2,27.66,-82.687333,LTB,I,6358,6286,72,0.01,5,2009
5/28/2009,TB,4,0,2,27.65955,-82.692233,LTB,I,6358,6286,72,0,5,2009
5/28/2009,TB,5,14,2,27.644633,-82.722217,LTB,I,6358,6286,72,0.19,5,2009
5/28/2009,TB,6,Z,2,27.6427,-82.722317,LTB,I,6358,6286,72,Z,5,2009
6/23/2009,TB,1,Z,2,27.699833,-82.695083,LTB,I,6384,6320,64,Z,6,2009
6/23/2009,TB,2,1,2,27.698983,-82.690333,LTB,I,6384,6320,64,0.02,6,2009
6/23/2009,TB,3,3,2,27.66,-82.687333,LTB,I,6384,6320,64,0.05,6,2009
6/23/2009,TB,4,5,2,27.65955,-82.692233,LTB,I,6384,6320,64,0.08,6,2009
6/23/2009,TB,5,6,2,27.644633,-82.722217,LTB,I,6384,6320,64,0.09,6,2009
6/23/2009,TB,6,13,2,27.6427,-82.722317,LTB,I,6384,6320,64,0.2,6,2009
7/24/2009,TB,1,1,3,27.699833,-82.695083,LTB,I,6415,6358,57,0.02,7,2009
7/24/2009,TB,2,10,3,27.698983,-82.690333,LTB,I,6415,6358,57,0.18,7,2009
7/24/2009,TB,3,8,3,27.66,-82.687333,LTB,I,6415,6358,57,0.14,7,2009
7/24/2009,TB,4,3,3,27.65955,-82.692233,LTB,I,6415,6358,57,0.05,7,2009
7/24/2009,TB,5,Z,3,27.644633,-82.722217,LTB,I,6415,6358,57,Z,7,2009
7/24/2009,TB,6,Z,3,27.6427,-82.722317,LTB,I,6415,6358,57,Z,7,2009
8/18/2009,TB,1,Z,3,27.699833,-82.695083,LTB,I,6440,6384,56,Z,8,2009
8/18/2009,TB,2,0,3,27.698983,-82.690333,LTB,I,6440,6384,56,0,8,2009
8/18/2009,TB,3,0,3,27.66,-82.687333,LTB,I,6440,6384,56,0,8,2009
8/18/2009,TB,4,1,3,27.65955,-82.692233,LTB,I,6440,6384,56,0.02,8,2009
8/18/2009,TB,5,0,3,27.644633,-82.722217,LTB,I,6440,6384,56,0,8,2009
8/18/2009,TB,6,0,3,27.6427,-82.722317,LTB,I,6440,6384,56,0,8,2009
9/16/2009,TB,1,0,3,27.699833,-82.695083,LTB,I,6469,6415,54,0,9,2009
9/16/2009,TB,2,0,3,27.698983,-82.690333,LTB,I,6469,6415,54,0,9,2009
9/16/2009,TB,3,0,3,27.66,-82.687333,LTB,I,6469,6415,54,0,9,2009
9/16/2009,TB,4,0,3,27.65955,-82.692233,LTB,I,6469,6415,54,0,9,2009
9/16/2009,TB,5,Z,3,27.644633,-82.722217,LTB,I,6469,6415,54,Z,9,2009
9/16/2009,TB,6,Z,3,27.6427,-82.722317,LTB,I,6469,6415,54,Z,9,2009
10/20/2009,TB,1,1,4,27.699833,-82.695083,LTB,I,6503,6440,63,0.02,10,2009
10/20/2009,TB,2,0,4,27.698983,-82.690333,LTB,I,6503,6440,63,0,10,2009
10/20/2009,TB,3,0,4,27.66,-82.687333,LTB,I,6503,6440,63,0,10,2009
10/20/2009,TB,4,0,4,27.65955,-82.692233,LTB,I,6503,6440,63,0,10,2009
10/20/2009,TB,5,Z,4,27.644633,-82.722217,LTB,I,6503,6440,63,Z,10,2009
10/20/2009,TB,6,Z,4,27.6427,-82.722317,LTB,I,6503,6440,63,Z,10,2009
11/19/2009,TB,1,0,4,27.699833,-82.695083,LTB,I,6533,6469,64,0,11,2009
11/19/2009,TB,2,0,4,27.698983,-82.690333,LTB,I,6533,6469,64,0,11,2009
11/19/2009,TB,3,0,4,27.66,-82.687333,LTB,I,6533,6469,64,0,11,2009
11/19/2009,TB,4,0,4,27.65955,-82.692233,LTB,I,6533,6469,64,0,11,2009
11/19/2009,TB,5,0,4,27.644633,-82.722217,LTB,I,6533,6469,64,0,11,2009
11/19/2009,TB,6,0,4,27.6427,-82.722317,LTB,I,6533,6469,64,0,11,2009
12/16/2009,TB,1,2,4,27.699833,-82.695083,LTB,I,6560,6503,57,0.04,12,2009
12/16/2009,TB,2,3,4,27.698983,-82.690333,LTB,I,6560,6503,57,0.05,12,2009
12/16/2009,TB,3,1,4,27.66,-82.687333,LTB,I,6560,6503,57,0.02,12,2009
12/16/2009,TB,4,0,4,27.65955,-82.692233,LTB,I,6560,6503,57,0,12,2009
12/16/2009,TB,5,0,4,27.644633,-82.722217,LTB,I,6560,6503,57,0,12,2009
12/16/2009,TB,6,Z,4,27.6427,-82.722317,LTB,I,6560,6503,57,Z,12,2009
1/14/2010,TB,1,0,1,27.699833,-82.695083,LTB,I,6589,6533,56,0,1,2010
1/14/2010,TB,2,0,1,27.698983,-82.690333,LTB,I,6589,6533,56,0,1,2010
1/14/2010,TB,3,0,1,27.66,-82.687333,LTB,I,6589,6533,56,0,1,2010
1/14/2010,TB,4,0,1,27.65955,-82.692233,LTB,I,6589,6533,56,0,1,2010
1/14/2010,TB,5,0,1,27.644633,-82.722217,LTB,I,6589,6533,56,0,1,2010
1/14/2010,TB,6,0,1,27.6427,-82.722317,LTB,I,6589,6533,56,0,1,2010
2/15/2010,TB,1,0,1,27.699833,-82.695083,LTB,I,6621,6560,61,0,2,2010
2/15/2010,TB,2,0,1,27.698983,-82.690333,LTB,I,6621,6560,61,0,2,2010
2/15/2010,TB,3,0,1,27.66,-82.687333,LTB,I,6621,6560,61,0,2,2010
2/15/2010,TB,4,0,1,27.65955,-82.692233,LTB,I,6621,6560,61,0,2,2010
2/15/2010,TB,5,0,1,27.644633,-82.722217,LTB,I,6621,6560,61,0,2,2010
2/15/2010,TB,6,0,1,27.6427,-82.722317,LTB,I,6621,6560,61,0,2,2010
3/15/2010,TB,1,0,1,27.699833,-82.695083,LTB,I,6649,6589,60,0,3,2010
3/15/2010,TB,2,0,1,27.698983,-82.690333,LTB,I,6649,6589,60,0,3,2010
3/15/2010,TB,3,0,1,27.66,-82.687333,LTB,I,6649,6589,60,0,3,2010
3/15/2010,TB,4,0,1,27.65955,-82.692233,LTB,I,6649,6589,60,0,3,2010
3/15/2010,TB,5,0,1,27.644633,-82.722217,LTB,I,6649,6589,60,0,3,2010
3/15/2010,TB,6,0,1,27.6427,-82.722317,LTB,I,6649,6589,60,0,3,2010
4/12/2010,TB,1,0,2,27.699833,-82.695083,LTB,I,6677,6621,56,0,4,2010
4/12/2010,TB,2,0,2,27.698983,-82.690333,LTB,I,6677,6621,56,0,4,2010
4/12/2010,TB,3,0,2,27.66,-82.687333,LTB,I,6677,6621,56,0,4,2010
4/12/2010,TB,4,0,2,27.65955,-82.692233,LTB,I,6677,6621,56,0,4,2010
4/12/2010,TB,5,0,2,27.644633,-82.722217,LTB,I,6677,6621,56,0,4,2010
4/12/2010,TB,6,0,2,27.6427,-82.722317,LTB,I,6677,6621,56,0,4,2010
5/12/2010,TB,1,Z,2,27.699833,-82.695083,LTB,I,6707,6649,58,Z,5,2010
5/12/2010,TB,2,0,2,27.698983,-82.690333,LTB,I,6707,6649,58,0,5,2010
5/12/2010,TB,3,0,2,27.66,-82.687333,LTB,I,6707,6649,58,0,5,2010
5/12/2010,TB,4,0,2,27.65955,-82.692233,LTB,I,6707,6649,58,0,5,2010
5/12/2010,TB,5,0,2,27.644633,-82.722217,LTB,I,6707,6649,58,0,5,2010
5/12/2010,TB,6,0,2,27.6427,-82.722317,LTB,I,6707,6649,58,0,5,2010
6/9/2010,TB,1,1,2,27.699833,-82.695083,LTB,I,6735,6677,58,0.02,6,2010
6/9/2010,TB,2,0,2,27.698983,-82.690333,LTB,I,6735,6677,58,0,6,2010
6/9/2010,TB,3,0,2,27.66,-82.687333,LTB,I,6735,6677,58,0,6,2010
6/9/2010,TB,4,0,2,27.65955,-82.692233,LTB,I,6735,6677,58,0,6,2010
6/9/2010,TB,5,0,2,27.644633,-82.722217,LTB,I,6735,6677,58,0,6,2010
6/9/2010,TB,6,0,2,27.6427,-82.722317,LTB,I,6735,6677,58,0,6,2010
7/13/2010,TB,1,1,3,27.699833,-82.695083,LTB,I,6769,6707,62,0.02,7,2010
7/13/2010,TB,2,1,3,27.698983,-82.690333,LTB,I,6769,6707,62,0.02,7,2010
7/13/2010,TB,3,0,3,27.66,-82.687333,LTB,I,6769,6707,62,0,7,2010
7/13/2010,TB,4,2,3,27.65955,-82.692233,LTB,I,6769,6707,62,0.03,7,2010
7/13/2010,TB,5,0,3,27.644633,-82.722217,LTB,I,6769,6707,62,0,7,2010
7/13/2010,TB,6,Z,3,27.6427,-82.722317,LTB,I,6769,6707,62,Z,7,2010
8/12/2010,TB,1,0,3,27.699833,-82.695083,LTB,I,6799,6735,64,0,8,2010
8/12/2010,TB,2,0,3,27.698983,-82.690333,LTB,I,6799,6735,64,0,8,2010
8/12/2010,TB,3,0,3,27.66,-82.687333,LTB,I,6799,6735,64,0,8,2010
8/12/2010,TB,4,0,3,27.65955,-82.692233,LTB,I,6799,6735,64,0,8,2010
8/12/2010,TB,5,0,3,27.644633,-82.722217,LTB,I,6799,6735,64,0,8,2010
8/12/2010,TB,6,0,3,27.6427,-82.722317,LTB,I,6799,6735,64,0,8,2010
9/16/2010,TB,1,0,3,27.699833,-82.695083,LTB,I,6834,6769,65,0,9,2010
9/16/2010,TB,2,0,3,27.698983,-82.690333,LTB,I,6834,6769,65,0,9,2010
9/16/2010,TB,3,0,3,27.66,-82.687333,LTB,I,6834,6769,65,0,9,2010
9/16/2010,TB,4,0,3,27.65955,-82.692233,LTB,I,6834,6769,65,0,9,2010
9/16/2010,TB,5,0,3,27.644633,-82.722217,LTB,I,6834,6769,65,0,9,2010
9/16/2010,TB,6,0,3,27.6427,-82.722317,LTB,I,6834,6769,65,0,9,2010
10/12/2010,TB,1,0,4,27.699833,-82.695083,LTB,I,6860,6799,61,0,10,2010
10/12/2010,TB,2,0,4,27.698983,-82.690333,LTB,I,6860,6799,61,0,10,2010
10/12/2010,TB,3,0,4,27.66,-82.687333,LTB,I,6860,6799,61,0,10,2010
10/12/2010,TB,4,0,4,27.65955,-82.692233,LTB,I,6860,6799,61,0,10,2010
10/12/2010,TB,5,1,4,27.644633,-82.722217,LTB,I,6860,6799,61,0.02,10,2010
10/12/2010,TB,6,Z,4,27.6427,-82.722317,LTB,I,6860,6799,61,Z,10,2010
11/10/2010,TB,1,0,4,27.699833,-82.695083,LTB,I,6889,6834,55,0,11,2010
11/10/2010,TB,2,0,4,27.698983,-82.690333,LTB,I,6889,6834,55,0,11,2010
11/10/2010,TB,3,0,4,27.66,-82.687333,LTB,I,6889,6834,55,0,11,2010
11/10/2010,TB,4,0,4,27.65955,-82.692233,LTB,I,6889,6834,55,0,11,2010
11/10/2010,TB,5,0,4,27.644633,-82.722217,LTB,I,6889,6834,55,0,11,2010
11/10/2010,TB,6,0,4,27.6427,-82.722317,LTB,I,6889,6834,55,0,11,2010
12/14/2010,TB,1,0,4,27.699833,-82.695083,LTB,I,6923,6860,63,0,12,2010
12/14/2010,TB,2,0,4,27.698983,-82.690333,LTB,I,6923,6860,63,0,12,2010
12/14/2010,TB,3,0,4,27.66,-82.687333,LTB,I,6923,6860,63,0,12,2010
12/14/2010,TB,4,0,4,27.65955,-82.692233,LTB,I,6923,6860,63,0,12,2010
12/14/2010,TB,5,0,4,27.644633,-82.722217,LTB,I,6923,6860,63,0,12,2010
12/14/2010,TB,6,0,4,27.6427,-82.722317,LTB,I,6923,6860,63,0,12,2010
1/14/2011,TB,1,0,1,27.699833,-82.695083,LTB,I,6954,6889,65,0,1,2011
1/14/2011,TB,2,0,1,27.698983,-82.690333,LTB,I,6954,6889,65,0,1,2011
1/14/2011,TB,3,0,1,27.66,-82.687333,LTB,I,6954,6889,65,0,1,2011
1/14/2011,TB,4,0,1,27.65955,-82.692233,LTB,I,6954,6889,65,0,1,2011
1/14/2011,TB,5,0,1,27.644633,-82.722217,LTB,I,6954,6889,65,0,1,2011
1/14/2011,TB,6,0,1,27.6427,-82.722317,LTB,I,6954,6889,65,0,1,2011
2/8/2011,TB,1,0,1,27.699833,-82.695083,LTB,I,6979,6923,56,0,2,2011
2/8/2011,TB,2,0,1,27.698983,-82.690333,LTB,I,6979,6923,56,0,2,2011
2/8/2011,TB,3,0,1,27.66,-82.687333,LTB,I,6979,6923,56,0,2,2011
2/8/2011,TB,4,0,1,27.65955,-82.692233,LTB,I,6979,6923,56,0,2,2011
2/8/2011,TB,5,0,1,27.644633,-82.722217,LTB,I,6979,6923,56,0,2,2011
2/8/2011,TB,6,0,1,27.6427,-82.722317,LTB,I,6979,6923,56,0,2,2011
3/17/2011,TB,1,0,1,27.699833,-82.695083,LTB,I,7016,6954,62,0,3,2011
3/17/2011,TB,2,0,1,27.698983,-82.690333,LTB,I,7016,6954,62,0,3,2011
3/17/2011,TB,3,0,1,27.66,-82.687333,LTB,I,7016,6954,62,0,3,2011
3/17/2011,TB,4,0,1,27.65955,-82.692233,LTB,I,7016,6954,62,0,3,2011
3/17/2011,TB,5,0,1,27.644633,-82.722217,LTB,I,7016,6954,62,0,3,2011
3/17/2011,TB,6,0,1,27.6427,-82.722317,LTB,I,7016,6954,62,0,3,2011
4/18/2011,TB,1,0,2,27.699833,-82.695083,LTB,I,7048,6979,69,0,4,2011
4/18/2011,TB,2,0,2,27.698983,-82.690333,LTB,I,7048,6979,69,0,4,2011
4/18/2011,TB,3,0,2,27.66,-82.687333,LTB,I,7048,6979,69,0,4,2011
4/18/2011,TB,4,0,2,27.65955,-82.692233,LTB,I,7048,6979,69,0,4,2011
4/18/2011,TB,5,0,2,27.644633,-82.722217,LTB,I,7048,6979,69,0,4,2011
4/18/2011,TB,6,0,2,27.6427,-82.722317,LTB,I,7048,6979,69,0,4,2011
5/13/2011,TB,1,0,2,27.699833,-82.695083,LTB,I,7073,7016,57,0,5,2011
5/13/2011,TB,2,0,2,27.698983,-82.690333,LTB,I,7073,7016,57,0,5,2011
5/13/2011,TB,3,0,2,27.66,-82.687333,LTB,I,7073,7016,57,0,5,2011
5/13/2011,TB,4,1,2,27.65955,-82.692233,LTB,I,7073,7016,57,0.02,5,2011
5/13/2011,TB,5,6,2,27.644633,-82.722217,LTB,I,7073,7016,57,0.11,5,2011
5/13/2011,TB,6,0,2,27.6427,-82.722317,LTB,I,7073,7016,57,0,5,2011
6/16/2011,TB,1,0,2,27.699833,-82.695083,LTB,I,7107,7048,59,0,6,2011
6/16/2011,TB,2,0,2,27.698983,-82.690333,LTB,I,7107,7048,59,0,6,2011
6/16/2011,TB,3,3,2,27.66,-82.687333,LTB,I,7107,7048,59,0.05,6,2011
6/16/2011,TB,4,0,2,27.65955,-82.692233,LTB,I,7107,7048,59,0,6,2011
6/16/2011,TB,5,0,2,27.644633,-82.722217,LTB,I,7107,7048,59,0,6,2011
6/16/2011,TB,6,3,2,27.6427,-82.722317,LTB,I,7107,7048,59,0.05,6,2011
7/20/2011,TB,1,0,3,27.699833,-82.695083,LTB,I,7141,7073,68,0,7,2011
7/20/2011,TB,2,0,3,27.698983,-82.690333,LTB,I,7141,7073,68,0,7,2011
7/20/2011,TB,3,Z,3,27.66,-82.687333,LTB,I,7141,7073,68,Z,7,2011
7/20/2011,TB,4,0,3,27.65955,-82.692233,LTB,I,7141,7073,68,0,7,2011
7/20/2011,TB,5,Z,3,27.644633,-82.722217,LTB,I,7141,7073,68,Z,7,2011
7/20/2011,TB,6,0,3,27.6427,-82.722317,LTB,I,7141,7073,68,0,7,2011
8/15/2011,TB,1,0,3,27.699833,-82.695083,LTB,I,7167,7107,60,0,8,2011
8/15/2011,TB,2,0,3,27.698983,-82.690333,LTB,I,7167,7107,60,0,8,2011
8/15/2011,TB,3,0,3,27.66,-82.687333,LTB,I,7167,7107,60,0,8,2011
8/15/2011,TB,4,0,3,27.65955,-82.692233,LTB,I,7167,7107,60,0,8,2011
8/15/2011,TB,5,0,3,27.644633,-82.722217,LTB,I,7167,7107,60,0,8,2011
8/15/2011,TB,6,Z,3,27.6427,-82.722317,LTB,I,7167,7107,60,Z,8,2011
9/15/2011,TB,1,Z,3,27.699833,-82.695083,LTB,I,7198,7141,57,Z,9,2011
9/15/2011,TB,2,0,3,27.698983,-82.690333,LTB,I,7198,7141,57,0,9,2011
9/15/2011,TB,3,0,3,27.66,-82.687333,LTB,I,7198,7141,57,0,9,2011
9/15/2011,TB,4,0,3,27.65955,-82.692233,LTB,I,7198,7141,57,0,9,2011
9/15/2011,TB,5,0,3,27.644633,-82.722217,LTB,I,7198,7141,57,0,9,2011
9/15/2011,TB,6,0,3,27.6427,-82.722317,LTB,I,7198,7141,57,0,9,2011
10/20/2011,TB,1,1,4,27.699833,-82.695083,LTB,I,7233,7167,66,0.02,10,2011
10/20/2011,TB,2,0,4,27.698983,-82.690333,LTB,I,7233,7167,66,0,10,2011
10/20/2011,TB,3,1,4,27.66,-82.687333,LTB,I,7233,7167,66,0.02,10,2011
10/20/2011,TB,4,0,4,27.65955,-82.692233,LTB,I,7233,7167,66,0,10,2011
10/20/2011,TB,5,4,4,27.644633,-82.722217,LTB,I,7233,7167,66,0.06,10,2011
10/20/2011,TB,6,0,4,27.6427,-82.722317,LTB,I,7233,7167,66,0,10,2011
11/17/2011,TB,1,0,4,27.699833,-82.695083,LTB,I,7261,7198,63,0,11,2011
11/17/2011,TB,2,0,4,27.698983,-82.690333,LTB,I,7261,7198,63,0,11,2011
11/17/2011,TB,3,2,4,27.66,-82.687333,LTB,I,7261,7198,63,0.03,11,2011
11/17/2011,TB,4,0,4,27.65955,-82.692233,LTB,I,7261,7198,63,0,11,2011
11/17/2011,TB,5,0,4,27.644633,-82.722217,LTB,I,7261,7198,63,0,11,2011
11/17/2011,TB,6,0,4,27.6427,-82.722317,LTB,I,7261,7198,63,0,11,2011
12/15/2011,TB,1,0,4,27.699833,-82.695083,LTB,I,7289,7233,56,0,12,2011
12/15/2011,TB,2,0,4,27.698983,-82.690333,LTB,I,7289,7233,56,0,12,2011
12/15/2011,TB,3,0,4,27.66,-82.687333,LTB,I,7289,7233,56,0,12,2011
12/15/2011,TB,4,0,4,27.65955,-82.692233,LTB,I,7289,7233,56,0,12,2011
12/15/2011,TB,5,0,4,27.644633,-82.722217,LTB,I,7289,7233,56,0,12,2011
12/15/2011,TB,6,0,4,27.6427,-82.722317,LTB,I,7289,7233,56,0,12,2011
1/18/2012,TB,1,0,1,27.699833,-82.695083,LTB,I,7323,7261,62,0,1,2012
1/18/2012,TB,2,Z,1,27.698983,-82.690333,LTB,I,7323,7261,62,Z,1,2012
1/18/2012,TB,3,0,1,27.66,-82.687333,LTB,I,7323,7261,62,0,1,2012
1/18/2012,TB,4,0,1,27.65955,-82.692233,LTB,I,7323,7261,62,0,1,2012
1/18/2012,TB,5,0,1,27.644633,-82.722217,LTB,I,7323,7261,62,0,1,2012
1/18/2012,TB,6,0,1,27.6427,-82.722317,LTB,I,7323,7261,62,0,1,2012
2/22/2012,TB,1,0,1,27.699833,-82.695083,LTB,I,7358,7289,69,0,2,2012
2/22/2012,TB,2,0,1,27.698983,-82.690333,LTB,I,7358,7289,69,0,2,2012
2/22/2012,TB,3,0,1,27.66,-82.687333,LTB,I,7358,7289,69,0,2,2012
2/22/2012,TB,4,0,1,27.65955,-82.692233,LTB,I,7358,7289,69,0,2,2012
2/22/2012,TB,5,0,1,27.644633,-82.722217,LTB,I,7358,7289,69,0,2,2012
2/22/2012,TB,6,0,1,27.6427,-82.722317,LTB,I,7358,7289,69,0,2,2012
3/21/2012,TB,1,0,1,27.699833,-82.695083,LTB,I,7386,7323,63,0,3,2012
3/21/2012,TB,2,0,1,27.698983,-82.690333,LTB,I,7386,7323,63,0,3,2012
3/21/2012,TB,3,0,1,27.66,-82.687333,LTB,I,7386,7323,63,0,3,2012
3/21/2012,TB,4,0,1,27.65955,-82.692233,LTB,I,7386,7323,63,0,3,2012
3/21/2012,TB,5,0,1,27.644633,-82.722217,LTB,I,7386,7323,63,0,3,2012
3/21/2012,TB,6,0,1,27.6427,-82.722317,LTB,I,7386,7323,63,0,3,2012
4/20/2012,TB,1,6,2,27.699833,-82.695083,LTB,I,7416,7358,58,0.1,4,2012
4/20/2012,TB,2,3,2,27.698983,-82.690333,LTB,I,7416,7358,58,0.05,4,2012
4/20/2012,TB,3,0,2,27.66,-82.687333,LTB,I,7416,7358,58,0,4,2012
4/20/2012,TB,4,0,2,27.65955,-82.692233,LTB,I,7416,7358,58,0,4,2012
4/20/2012,TB,5,0,2,27.644633,-82.722217,LTB,I,7416,7358,58,0,4,2012
4/20/2012,TB,6,1,2,27.6427,-82.722317,LTB,I,7416,7358,58,0.02,4,2012
5/15/2012,TB,1,1,2,27.699833,-82.695083,LTB,I,7441,7386,55,0.02,5,2012
5/15/2012,TB,2,9,2,27.698983,-82.690333,LTB,I,7441,7386,55,0.16,5,2012
5/15/2012,TB,3,1,2,27.66,-82.687333,LTB,I,7441,7386,55,0.02,5,2012
5/15/2012,TB,4,4,2,27.65955,-82.692233,LTB,I,7441,7386,55,0.07,5,2012
5/15/2012,TB,5,2,2,27.644633,-82.722217,LTB,I,7441,7386,55,0.04,5,2012
5/15/2012,TB,6,7,2,27.6427,-82.722317,LTB,I,7441,7386,55,0.13,5,2012
6/19/2012,TB,1,0,2,27.699833,-82.695083,LTB,I,7476,7416,60,0,6,2012
6/19/2012,TB,2,Z,2,27.698983,-82.690333,LTB,I,7476,7416,60,Z,6,2012
6/19/2012,TB,3,0,2,27.66,-82.687333,LTB,I,7476,7416,60,0,6,2012
6/19/2012,TB,4,0,2,27.65955,-82.692233,LTB,I,7476,7416,60,0,6,2012
6/19/2012,TB,5,0,2,27.644633,-82.722217,LTB,I,7476,7416,60,0,6,2012
6/19/2012,TB,6,0,2,27.6427,-82.722317,LTB,I,7476,7416,60,0,6,2012
7/24/2012,TB,1,0,3,27.699833,-82.695083,LTB,I,7511,7441,70,0,7,2012
7/24/2012,TB,2,0,3,27.698983,-82.690333,LTB,I,7511,7441,70,0,7,2012
7/24/2012,TB,3,0,3,27.66,-82.687333,LTB,I,7511,7441,70,0,7,2012
7/24/2012,TB,4,0,3,27.65955,-82.692233,LTB,I,7511,7441,70,0,7,2012
7/24/2012,TB,5,0,3,27.644633,-82.722217,LTB,I,7511,7441,70,0,7,2012
7/24/2012,TB,6,0,3,27.6427,-82.722317,LTB,I,7511,7441,70,0,7,2012
8/15/2012,TB,1,0,3,27.699833,-82.695083,LTB,I,7533,7476,57,0,8,2012
8/15/2012,TB,2,0,3,27.698983,-82.690333,LTB,I,7533,7476,57,0,8,2012
8/15/2012,TB,3,3,3,27.66,-82.687333,LTB,I,7533,7476,57,0.05,8,2012
8/15/2012,TB,4,0,3,27.65955,-82.692233,LTB,I,7533,7476,57,0,8,2012
8/15/2012,TB,5,0,3,27.644633,-82.722217,LTB,I,7533,7476,57,0,8,2012
8/15/2012,TB,6,0,3,27.6427,-82.722317,LTB,I,7533,7476,57,0,8,2012
9/17/2012,TB,1,0,3,27.699833,-82.695083,LTB,I,7566,7511,55,0,9,2012
9/17/2012,TB,2,0,3,27.698983,-82.690333,LTB,I,7566,7511,55,0,9,2012
9/17/2012,TB,3,0,3,27.66,-82.687333,LTB,I,7566,7511,55,0,9,2012
9/17/2012,TB,4,0,3,27.65955,-82.692233,LTB,I,7566,7511,55,0,9,2012
9/17/2012,TB,5,0,3,27.644633,-82.722217,LTB,I,7566,7511,55,0,9,2012
9/17/2012,TB,6,0,3,27.6427,-82.722317,LTB,I,7566,7511,55,0,9,2012
10/18/2012,TB,1,0,4,27.699833,-82.695083,LTB,I,7597,7533,64,0,10,2012
10/18/2012,TB,2,0,4,27.698983,-82.690333,LTB,I,7597,7533,64,0,10,2012
10/18/2012,TB,3,0,4,27.66,-82.687333,LTB,I,7597,7533,64,0,10,2012
10/18/2012,TB,4,0,4,27.65955,-82.692233,LTB,I,7597,7533,64,0,10,2012
10/18/2012,TB,5,0,4,27.644633,-82.722217,LTB,I,7597,7533,64,0,10,2012
10/18/2012,TB,6,0,4,27.6427,-82.722317,LTB,I,7597,7533,64,0,10,2012
11/15/2012,TB,1,0,4,27.699833,-82.695083,LTB,I,7625,7566,59,0,11,2012
11/15/2012,TB,2,0,4,27.698983,-82.690333,LTB,I,7625,7566,59,0,11,2012
11/15/2012,TB,3,7,4,27.66,-82.687333,LTB,I,7625,7566,59,0.12,11,2012
11/15/2012,TB,4,0,4,27.65955,-82.692233,LTB,I,7625,7566,59,0,11,2012
11/15/2012,TB,5,0,4,27.644633,-82.722217,LTB,I,7625,7566,59,0,11,2012
11/15/2012,TB,6,0,4,27.6427,-82.722317,LTB,I,7625,7566,59,0,11,2012
12/12/2012,TB,1,0,4,27.699833,-82.695083,LTB,I,7652,7597,55,0,12,2012
12/12/2012,TB,2,0,4,27.698983,-82.690333,LTB,I,7652,7597,55,0,12,2012
12/12/2012,TB,3,2,4,27.66,-82.687333,LTB,I,7652,7597,55,0.04,12,2012
12/12/2012,TB,4,0,4,27.65955,-82.692233,LTB,I,7652,7597,55,0,12,2012
12/12/2012,TB,5,0,4,27.644633,-82.722217,LTB,I,7652,7597,55,0,12,2012
12/12/2012,TB,6,0,4,27.6427,-82.722317,LTB,I,7652,7597,55,0,12,2012
1/16/2013,TB,1,0,1,27.699833,-82.695167,LTB,I,7687,7625,62,0,1,2013
1/16/2013,TB,2,0,1,27.685833,-82.698,LTB,I,7687,7625,62,0,1,2013
1/16/2013,TB,3,0,1,27.659667,-82.686,LTB,I,7687,7625,62,0,1,2013
1/16/2013,TB,4,0,1,27.657167,-82.703833,LTB,I,7687,7625,62,0,1,2013
1/16/2013,TB,5,0,1,27.644667,-82.722167,LTB,I,7687,7625,62,0,1,2013
1/16/2013,TB,6,0,1,27.645,-82.711333,LTB,I,7687,7625,62,0,1,2013
2/15/2013,TB,1,0,1,27.699833,-82.695167,LTB,I,7717,7652,65,0,2,2013
2/15/2013,TB,2,Z,1,27.685833,-82.698,LTB,I,7717,7652,65,Z,2,2013
2/15/2013,TB,3,0,1,27.659667,-82.686,LTB,I,7717,7652,65,0,2,2013
2/15/2013,TB,4,0,1,27.657167,-82.703833,LTB,I,7717,7652,65,0,2,2013
2/15/2013,TB,5,0,1,27.644667,-82.722167,LTB,I,7717,7652,65,0,2,2013
2/15/2013,TB,6,0,1,27.645,-82.711333,LTB,I,7717,7652,65,0,2,2013
3/15/2013,TB,1,Z,1,27.699833,-82.695167,LTB,I,7745,7687,58,Z,3,2013
3/15/2013,TB,2,0,1,27.685833,-82.698,LTB,I,7745,7687,58,0,3,2013
3/15/2013,TB,3,0,1,27.659667,-82.686,LTB,I,7745,7687,58,0,3,2013
3/15/2013,TB,4,0,1,27.657167,-82.703833,LTB,I,7745,7687,58,0,3,2013
3/15/2013,TB,5,Z,1,27.644667,-82.722167,LTB,I,7745,7687,58,Z,3,2013
3/15/2013,TB,6,0,1,27.645,-82.711333,LTB,I,7745,7687,58,0,3,2013
3/15/2013,TB,7,0,1,27.71,-82.619167,MTB,I,7745,7687,58,0,3,2013
3/15/2013,TB,8,Z,1,27.71,-82.619167,MTB,O,7745,7687,58,Z,3,2013
4/8/2013,TB,1,0,2,27.699833,-82.695167,LTB,I,7769,7717,52,0,4,2013
4/8/2013,TB,2,0,2,27.685833,-82.698,LTB,I,7769,7717,52,0,4,2013
4/8/2013,TB,3,0,2,27.659667,-82.686,LTB,I,7769,7717,52,0,4,2013
4/8/2013,TB,4,0,2,27.657167,-82.703833,LTB,I,7769,7717,52,0,4,2013
4/8/2013,TB,5,0,2,27.644667,-82.722167,LTB,I,7769,7717,52,0,4,2013
4/8/2013,TB,6,0,2,27.645,-82.711333,LTB,I,7769,7717,52,0,4,2013
4/8/2013,TB,7,0,2,27.71,-82.619167,MTB,I,7769,7717,52,0,4,2013
4/8/2013,TB,8,0,2,27.71,-82.619167,MTB,O,7769,7717,52,0,4,2013
5/15/2013,TB,1,9,2,27.699833,-82.695167,LTB,I,7806,7745,61,0.15,5,2013
5/15/2013,TB,2,11,2,27.685833,-82.698,LTB,I,7806,7745,61,0.18,5,2013
5/15/2013,TB,3,0,2,27.659667,-82.686,LTB,I,7806,7745,61,0,5,2013
5/15/2013,TB,4,Z,2,27.657167,-82.703833,LTB,I,7806,7745,61,Z,5,2013
5/15/2013,TB,5,3,2,27.644667,-82.722167,LTB,I,7806,7745,61,0.05,5,2013
5/15/2013,TB,6,1,2,27.645,-82.711333,LTB,I,7806,7745,61,0.02,5,2013
5/15/2013,TB,7,8,2,27.71,-82.619167,MTB,I,7806,7745,61,0.13,5,2013
5/15/2013,TB,8,0,2,27.71,-82.619167,MTB,O,7806,7745,61,0,5,2013
6/19/2013,TB,1,3,2,27.699833,-82.695167,LTB,I,7841,7769,72,0.04,6,2013
6/19/2013,TB,2,1,2,27.685833,-82.698,LTB,I,7841,7769,72,0.01,6,2013
6/19/2013,TB,3,2,2,27.659667,-82.686,LTB,I,7841,7769,72,0.03,6,2013
6/19/2013,TB,4,Z,2,27.657167,-82.703833,LTB,I,7841,7769,72,Z,6,2013
6/19/2013,TB,5,8,2,27.644667,-82.722167,LTB,I,7841,7769,72,0.11,6,2013
6/19/2013,TB,6,1,2,27.645,-82.711333,LTB,I,7841,7769,72,0.01,6,2013
6/19/2013,TB,7,2,2,27.71,-82.619167,MTB,I,7841,7769,72,0.03,6,2013
6/19/2013,TB,8,1,2,27.71,-82.619167,MTB,O,7841,7769,72,0.01,6,2013
7/19/2013,TB,1,1,3,27.699833,-82.695167,LTB,I,7871,7806,65,0.02,7,2013
7/19/2013,TB,2,0,3,27.685833,-82.698,LTB,I,7871,7806,65,0,7,2013
7/19/2013,TB,3,0,3,27.659667,-82.686,LTB,I,7871,7806,65,0,7,2013
7/19/2013,TB,4,0,3,27.657167,-82.703833,LTB,I,7871,7806,65,0,7,2013
7/19/2013,TB,5,0,3,27.644667,-82.722167,LTB,I,7871,7806,65,0,7,2013
7/19/2013,TB,6,0,3,27.645,-82.711333,LTB,I,7871,7806,65,0,7,2013
7/19/2013,TB,7,0,3,27.71,-82.619167,MTB,I,7871,7806,65,0,7,2013
7/19/2013,TB,8,0,3,27.71,-82.619167,MTB,O,7871,7806,65,0,7,2013
8/20/2013,TB,1,0,3,27.699833,-82.695167,LTB,I,7903,7841,62,0,8,2013
8/20/2013,TB,2,1,3,27.685833,-82.698,LTB,I,7903,7841,62,0.02,8,2013
8/20/2013,TB,3,0,3,27.659667,-82.686,LTB,I,7903,7841,62,0,8,2013
8/20/2013,TB,4,0,3,27.657167,-82.703833,LTB,I,7903,7841,62,0,8,2013
8/20/2013,TB,5,1,3,27.644667,-82.722167,LTB,I,7903,7841,62,0.02,8,2013
8/20/2013,TB,6,1,3,27.645,-82.711333,LTB,I,7903,7841,62,0.02,8,2013
8/20/2013,TB,7,0,3,27.71,-82.619167,MTB,I,7903,7841,62,0,8,2013
8/20/2013,TB,8,1,3,27.71,-82.619167,MTB,O,7903,7841,62,0.02,8,2013
9/20/2013,TB,1,0,3,27.699833,-82.695167,LTB,I,7934,7871,63,0,9,2013
9/20/2013,TB,2,0,3,27.685833,-82.698,LTB,I,7934,7871,63,0,9,2013
9/20/2013,TB,3,0,3,27.659667,-82.686,LTB,I,7934,7871,63,0,9,2013
9/20/2013,TB,4,0,3,27.657167,-82.703833,LTB,I,7934,7871,63,0,9,2013
9/20/2013,TB,5,0,3,27.644667,-82.722167,LTB,I,7934,7871,63,0,9,2013
9/20/2013,TB,6,0,3,27.645,-82.711333,LTB,I,7934,7871,63,0,9,2013
9/20/2013,TB,7,Z,3,27.71,-82.619167,MTB,I,7934,7871,63,Z,9,2013
9/20/2013,TB,8,2,3,27.71,-82.619167,MTB,O,7934,7871,63,0.03,9,2013
10/15/2013,TB,1,0,4,27.699833,-82.695167,LTB,I,7959,7903,56,0,10,2013
10/15/2013,TB,2,1,4,27.685833,-82.698,LTB,I,7959,7903,56,0.02,10,2013
10/15/2013,TB,3,0,4,27.659667,-82.686,LTB,I,7959,7903,56,0,10,2013
10/15/2013,TB,4,0,4,27.657167,-82.703833,LTB,I,7959,7903,56,0,10,2013
10/15/2013,TB,5,0,4,27.644667,-82.722167,LTB,I,7959,7903,56,0,10,2013
10/15/2013,TB,6,0,4,27.645,-82.711333,LTB,I,7959,7903,56,0,10,2013
10/15/2013,TB,7,0,4,27.71,-82.619167,MTB,I,7959,7903,56,0,10,2013
10/15/2013,TB,8,0,4,27.71,-82.619167,MTB,O,7959,7903,56,0,10,2013
11/20/2013,TB,1,0,4,27.699833,-82.695167,LTB,I,7995,7934,61,0,11,2013
11/20/2013,TB,2,0,4,27.685833,-82.698,LTB,I,7995,7934,61,0,11,2013
11/20/2013,TB,3,1,4,27.659667,-82.686,LTB,I,7995,7934,61,0.02,11,2013
11/20/2013,TB,4,0,4,27.657167,-82.703833,LTB,I,7995,7934,61,0,11,2013
11/20/2013,TB,5,0,4,27.644667,-82.722167,LTB,I,7995,7934,61,0,11,2013
11/20/2013,TB,6,0,4,27.645,-82.711333,LTB,I,7995,7934,61,0,11,2013
11/20/2013,TB,7,0,4,27.71,-82.619167,MTB,I,7995,7934,61,0,11,2013
11/20/2013,TB,8,0,4,27.71,-82.619167,MTB,O,7995,7934,61,0,11,2013
12/19/2013,TB,1,0,4,27.699833,-82.695167,LTB,I,8024,7959,65,0,12,2013
12/19/2013,TB,2,0,4,27.685833,-82.698,LTB,I,8024,7959,65,0,12,2013
12/19/2013,TB,3,0,4,27.659667,-82.686,LTB,I,8024,7959,65,0,12,2013
12/19/2013,TB,4,0,4,27.657167,-82.703833,LTB,I,8024,7959,65,0,12,2013
12/19/2013,TB,5,0,4,27.644667,-82.722167,LTB,I,8024,7959,65,0,12,2013
12/19/2013,TB,6,0,4,27.645,-82.711333,LTB,I,8024,7959,65,0,12,2013
12/19/2013,TB,7,0,4,27.71,-82.619167,MTB,I,8024,7959,65,0,12,2013
12/19/2013,TB,8,0,4,27.71,-82.619167,MTB,O,8024,7959,65,0,12,2013
1/28/2014,TB,1,0,1,27.699833,-82.695167,LTB,I,8064,7995,69,0,1,2014
1/28/2014,TB,2,Z,1,27.685833,-82.698,LTB,I,8064,7995,69,Z,1,2014
1/28/2014,TB,3,0,1,27.659667,-82.686,LTB,I,8064,7995,69,0,1,2014
1/28/2014,TB,4,0,1,27.657167,-82.703833,LTB,I,8064,7995,69,0,1,2014
1/28/2014,TB,5,0,1,27.644667,-82.722167,LTB,I,8064,7995,69,0,1,2014
1/28/2014,TB,6,0,1,27.645,-82.711333,LTB,I,8064,7995,69,0,1,2014
1/28/2014,TB,7,0,1,27.71,-82.619167,MTB,I,8064,7995,69,0,1,2014
1/28/2014,TB,8,0,1,27.71,-82.619167,MTB,O,8064,7995,69,0,1,2014
2/19/2014,TB,1,0,1,27.699833,-82.695167,LTB,I,8086,8024,62,0,2,2014
2/19/2014,TB,2,0,1,27.685833,-82.698,LTB,I,8086,8024,62,0,2,2014
2/19/2014,TB,3,0,1,27.659667,-82.686,LTB,I,8086,8024,62,0,2,2014
2/19/2014,TB,4,0,1,27.657167,-82.703833,LTB,I,8086,8024,62,0,2,2014
2/19/2014,TB,5,0,1,27.644667,-82.722167,LTB,I,8086,8024,62,0,2,2014
2/19/2014,TB,6,0,1,27.645,-82.711333,LTB,I,8086,8024,62,0,2,2014
2/19/2014,TB,7,Z,1,27.71,-82.619167,MTB,I,8086,8024,62,Z,2,2014
2/19/2014,TB,8,0,1,27.71,-82.619167,MTB,O,8086,8024,62,0,2,2014
3/19/2014,TB,1,0,1,27.699833,-82.695167,LTB,I,8114,8064,50,0,3,2014
3/19/2014,TB,2,0,1,27.685833,-82.698,LTB,I,8114,8064,50,0,3,2014
3/19/2014,TB,3,0,1,27.659667,-82.686,LTB,I,8114,8064,50,0,3,2014
3/19/2014,TB,4,0,1,27.657167,-82.703833,LTB,I,8114,8064,50,0,3,2014
3/19/2014,TB,5,0,1,27.644667,-82.722167,LTB,I,8114,8064,50,0,3,2014
3/19/2014,TB,6,0,1,27.645,-82.711333,LTB,I,8114,8064,50,0,3,2014
3/19/2014,TB,7,0,1,27.71,-82.619167,MTB,I,8114,8064,50,0,3,2014
3/19/2014,TB,8,0,1,27.71,-82.619167,MTB,O,8114,8064,50,0,3,2014
4/25/2014,TB,1,0,2,27.699833,-82.695167,LTB,I,8150,8086,64,0,4,2014
4/25/2014,TB,2,0,2,27.685833,-82.698,LTB,I,8150,8086,64,0,4,2014
4/25/2014,TB,3,0,2,27.659667,-82.686,LTB,I,8150,8086,64,0,4,2014
4/25/2014,TB,4,0,2,27.657167,-82.703833,LTB,I,8150,8086,64,0,4,2014
4/25/2014,TB,5,0,2,27.644667,-82.722167,LTB,I,8150,8086,64,0,4,2014
4/25/2014,TB,6,0,2,27.645,-82.711333,LTB,I,8150,8086,64,0,4,2014
4/25/2014,TB,7,0,2,27.71,-82.619167,MTB,I,8150,8086,64,0,4,2014
4/25/2014,TB,8,0,2,27.71,-82.619167,MTB,O,8150,8086,64,0,4,2014
5/19/2014,TB,1,0,2,27.699833,-82.695167,LTB,I,8175,8114,61,0,5,2014
5/19/2014,TB,2,0,2,27.685833,-82.698,LTB,I,8175,8114,61,0,5,2014
5/19/2014,TB,3,0,2,27.659667,-82.686,LTB,I,8175,8114,61,0,5,2014
5/19/2014,TB,4,0,2,27.657167,-82.703833,LTB,I,8175,8114,61,0,5,2014
5/19/2014,TB,5,0,2,27.644667,-82.722167,LTB,I,8175,8114,61,0,5,2014
5/19/2014,TB,6,0,2,27.645,-82.711333,LTB,I,8175,8114,61,0,5,2014
5/19/2014,TB,7,0,2,27.71,-82.619167,MTB,I,8175,8114,61,0,5,2014
5/19/2014,TB,8,0,2,27.71,-82.619167,MTB,O,8175,8114,61,0,5,2014
6/20/2014,TB,1,1,2,27.699833,-82.695167,LTB,I,8207,8150,57,0.02,6,2014
6/20/2014,TB,2,3,2,27.685833,-82.698,LTB,I,8207,8150,57,0.05,6,2014
6/20/2014,TB,3,0,2,27.659667,-82.686,LTB,I,8207,8150,57,0,6,2014
6/20/2014,TB,4,0,2,27.657167,-82.703833,LTB,I,8207,8150,57,0,6,2014
6/20/2014,TB,5,0,2,27.644667,-82.722167,LTB,I,8207,8150,57,0,6,2014
6/20/2014,TB,6,1,2,27.645,-82.711333,LTB,I,8207,8150,57,0.02,6,2014
6/20/2014,TB,7,0,2,27.71,-82.619167,MTB,I,8207,8150,57,0,6,2014
6/20/2014,TB,8,0,2,27.71,-82.619167,MTB,O,8207,8150,57,0,6,2014
7/24/2014,TB,1,0,3,27.699833,-82.695167,LTB,I,8241,8175,66,0,7,2014
7/24/2014,TB,2,0,3,27.685833,-82.698,LTB,I,8241,8175,66,0,7,2014
7/24/2014,TB,3,0,3,27.659667,-82.686,LTB,I,8241,8175,66,0,7,2014
7/24/2014,TB,4,0,3,27.657167,-82.703833,LTB,I,8241,8175,66,0,7,2014
7/24/2014,TB,5,0,3,27.644667,-82.722167,LTB,I,8241,8175,66,0,7,2014
7/24/2014,TB,6,0,3,27.645,-82.711333,LTB,I,8241,8175,66,0,7,2014
7/24/2014,TB,7,Z,3,27.71,-82.619167,MTB,I,8241,8175,66,Z,7,2014
7/24/2014,TB,8,0,3,27.71,-82.619167,MTB,O,8241,8175,66,0,7,2014
8/18/2014,TB,1,0,3,27.699833,-82.695167,LTB,I,8266,8207,59,0,8,2014
8/18/2014,TB,2,0,3,27.685833,-82.698,LTB,I,8266,8207,59,0,8,2014
8/18/2014,TB,3,0,3,27.659667,-82.686,LTB,I,8266,8207,59,0,8,2014
8/18/2014,TB,4,Z,3,27.657167,-82.703833,LTB,I,8266,8207,59,Z,8,2014
8/18/2014,TB,5,0,3,27.644667,-82.722167,LTB,I,8266,8207,59,0,8,2014
8/18/2014,TB,6,0,3,27.645,-82.711333,LTB,I,8266,8207,59,0,8,2014
8/18/2014,TB,7,0,3,27.71,-82.619167,MTB,I,8266,8207,59,0,8,2014
8/18/2014,TB,8,0,3,27.71,-82.619167,MTB,O,8266,8207,59,0,8,2014
9/15/2014,TB,1,0,3,27.699833,-82.695167,LTB,I,8294,8241,53,0,9,2014
9/15/2014,TB,2,0,3,27.685833,-82.698,LTB,I,8294,8241,53,0,9,2014
9/15/2014,TB,3,0,3,27.659667,-82.686,LTB,I,8294,8241,53,0,9,2014
9/15/2014,TB,4,0,3,27.657167,-82.703833,LTB,I,8294,8241,53,0,9,2014
9/15/2014,TB,5,0,3,27.644667,-82.722167,LTB,I,8294,8241,53,0,9,2014
9/15/2014,TB,6,0,3,27.645,-82.711333,LTB,I,8294,8241,53,0,9,2014
9/15/2014,TB,7,0,3,27.71,-82.619167,MTB,I,8294,8241,53,0,9,2014
9/15/2014,TB,8,0,3,27.71,-82.619167,MTB,O,8294,8241,53,0,9,2014
10/15/2014,TB,1,0,4,27.699833,-82.695167,LTB,I,8324,8266,58,0,10,2014
10/15/2014,TB,2,0,4,27.685833,-82.698,LTB,I,8324,8266,58,0,10,2014
10/15/2014,TB,3,0,4,27.659667,-82.686,LTB,I,8324,8266,58,0,10,2014
10/15/2014,TB,4,0,4,27.657167,-82.703833,LTB,I,8324,8266,58,0,10,2014
10/15/2014,TB,5,Z,4,27.644667,-82.722167,LTB,I,8324,8266,58,Z,10,2014
10/15/2014,TB,6,0,4,27.645,-82.711333,LTB,I,8324,8266,58,0,10,2014
10/15/2014,TB,7,0,4,27.71,-82.619167,MTB,I,8324,8266,58,0,10,2014
10/15/2014,TB,8,0,4,27.71,-82.619167,MTB,O,8324,8266,58,0,10,2014
11/17/2014,TB,1,2,4,27.699833,-82.695167,LTB,I,8357,8294,63,0.03,11,2014
11/17/2014,TB,2,10,4,27.685833,-82.698,LTB,I,8357,8294,63,0.16,11,2014
11/17/2014,TB,3,4,4,27.659667,-82.686,LTB,I,8357,8294,63,0.06,11,2014
11/17/2014,TB,4,0,4,27.657167,-82.703833,LTB,I,8357,8294,63,0,11,2014
11/17/2014,TB,5,5,4,27.644667,-82.722167,LTB,I,8357,8294,63,0.08,11,2014
11/17/2014,TB,6,3,4,27.645,-82.711333,LTB,I,8357,8294,63,0.05,11,2014
11/17/2014,TB,7,0,4,27.71,-82.619167,MTB,I,8357,8294,63,0,11,2014
11/17/2014,TB,8,1,4,27.71,-82.619167,MTB,O,8357,8294,63,0.02,11,2014
12/15/2014,TB,1,1,4,27.699833,-82.695167,LTB,I,8385,8324,61,0.02,12,2014
12/15/2014,TB,2,0,4,27.685833,-82.698,LTB,I,8385,8324,61,0,12,2014
12/15/2014,TB,3,9,4,27.659667,-82.686,LTB,I,8385,8324,61,0.15,12,2014
12/15/2014,TB,4,3,4,27.657167,-82.703833,LTB,I,8385,8324,61,0.05,12,2014
12/15/2014,TB,5,0,4,27.644667,-82.722167,LTB,I,8385,8324,61,0,12,2014
12/15/2014,TB,6,0,4,27.645,-82.711333,LTB,I,8385,8324,61,0,12,2014
12/15/2014,TB,7,1,4,27.71,-82.619167,MTB,I,8385,8324,61,0.02,12,2014
12/15/2014,TB,8,0,4,27.71,-82.619167,MTB,O,8385,8324,61,0,12,2014
1/20/2015,TB,1,0,1,27.699833,-82.695167,LTB,I,8421,8357,64,0,1,2015
1/20/2015,TB,2,0,1,27.685833,-82.698,LTB,I,8421,8357,64,0,1,2015
1/20/2015,TB,3,0,1,27.659667,-82.686,LTB,I,8421,8357,64,0,1,2015
1/20/2015,TB,4,0,1,27.657167,-82.703833,LTB,I,8421,8357,64,0,1,2015
1/20/2015,TB,5,0,1,27.644667,-82.722167,LTB,I,8421,8357,64,0,1,2015
1/20/2015,TB,6,0,1,27.645,-82.711333,LTB,I,8421,8357,64,0,1,2015
1/20/2015,TB,7,0,1,27.71,-82.619167,MTB,I,8421,8357,64,0,1,2015
1/20/2015,TB,8,0,1,27.71,-82.619167,MTB,O,8421,8357,64,0,1,2015
2/20/2015,TB,1,0,1,27.699833,-82.695167,LTB,I,8452,8385,67,0,2,2015
2/20/2015,TB,2,0,1,27.685833,-82.698,LTB,I,8452,8385,67,0,2,2015
2/20/2015,TB,3,0,1,27.659667,-82.686,LTB,I,8452,8385,67,0,2,2015
2/20/2015,TB,4,0,1,27.657167,-82.703833,LTB,I,8452,8385,67,0,2,2015
2/20/2015,TB,5,0,1,27.644667,-82.722167,LTB,I,8452,8385,67,0,2,2015
2/20/2015,TB,6,0,1,27.645,-82.711333,LTB,I,8452,8385,67,0,2,2015
2/20/2015,TB,7,0,1,27.71,-82.619167,MTB,I,8452,8385,67,0,2,2015
2/20/2015,TB,8,Z,1,27.71,-82.619167,MTB,O,8452,8385,67,Z,2,2015
3/18/2015,TB,1,0,1,27.699833,-82.695167,LTB,I,8478,8421,57,0,3,2015
3/18/2015,TB,2,0,1,27.685833,-82.698,LTB,I,8478,8421,57,0,3,2015
3/18/2015,TB,3,0,1,27.659667,-82.686,LTB,I,8478,8421,57,0,3,2015
3/18/2015,TB,4,Z,1,27.657167,-82.703833,LTB,I,8478,8421,57,Z,3,2015
3/18/2015,TB,5,0,1,27.644667,-82.722167,LTB,I,8478,8421,57,0,3,2015
3/18/2015,TB,6,0,1,27.645,-82.711333,LTB,I,8478,8421,57,0,3,2015
3/18/2015,TB,7,0,1,27.71,-82.619167,MTB,I,8478,8421,57,0,3,2015
3/18/2015,TB,8,0,1,27.71,-82.619167,MTB,O,8478,8421,57,0,3,2015
4/23/2015,TB,1,0,2,27.699833,-82.695167,LTB,I,8514,8452,62,0,4,2015
4/23/2015,TB,2,0,2,27.685833,-82.698,LTB,I,8514,8452,62,0,4,2015
4/23/2015,TB,3,Z,2,27.659667,-82.686,LTB,I,8514,8452,62,Z,4,2015
4/23/2015,TB,4,0,2,27.657167,-82.703833,LTB,I,8514,8452,62,0,4,2015
4/23/2015,TB,5,0,2,27.644667,-82.722167,LTB,I,8514,8452,62,0,4,2015
4/23/2015,TB,6,0,2,27.645,-82.711333,LTB,I,8514,8452,62,0,4,2015
4/23/2015,TB,7,0,2,27.71,-82.619167,MTB,I,8514,8452,62,0,4,2015
4/23/2015,TB,8,0,2,27.71,-82.619167,MTB,O,8514,8452,62,0,4,2015
5/19/2015,TB,1,0,2,27.699833,-82.695167,LTB,I,8540,8478,62,0,5,2015
5/19/2015,TB,2,1,2,27.685833,-82.698,LTB,I,8540,8478,62,0.02,5,2015
5/19/2015,TB,3,Z,2,27.659667,-82.686,LTB,I,8540,8478,62,Z,5,2015
5/19/2015,TB,4,0,2,27.657167,-82.703833,LTB,I,8540,8478,62,0,5,2015
5/19/2015,TB,5,0,2,27.644667,-82.722167,LTB,I,8540,8478,62,0,5,2015
5/19/2015,TB,6,0,2,27.645,-82.711333,LTB,I,8540,8478,62,0,5,2015
5/19/2015,TB,7,0,2,27.71,-82.619167,MTB,I,8540,8478,62,0,5,2015
5/19/2015,TB,8,0,2,27.71,-82.619167,MTB,O,8540,8478,62,0,5,2015
6/17/2015,TB,1,0,2,27.699833,-82.695167,LTB,I,8569,8514,55,0,6,2015
6/17/2015,TB,2,0,2,27.685833,-82.698,LTB,I,8569,8514,55,0,6,2015
6/17/2015,TB,3,0,2,27.659667,-82.686,LTB,I,8569,8514,55,0,6,2015
6/17/2015,TB,4,2,2,27.657167,-82.703833,LTB,I,8569,8514,55,0.04,6,2015
6/17/2015,TB,5,0,2,27.644667,-82.722167,LTB,I,8569,8514,55,0,6,2015
6/17/2015,TB,6,0,2,27.645,-82.711333,LTB,I,8569,8514,55,0,6,2015
6/17/2015,TB,7,1,2,27.71,-82.619167,MTB,I,8569,8514,55,0.02,6,2015
6/17/2015,TB,8,0,2,27.71,-82.619167,MTB,O,8569,8514,55,0,6,2015
7/15/2015,TB,1,0,3,27.699833,-82.695167,LTB,I,8597,8540,57,0,7,2015
7/15/2015,TB,2,0,3,27.685833,-82.698,LTB,I,8597,8540,57,0,7,2015
7/15/2015,TB,3,0,3,27.659667,-82.686,LTB,I,8597,8540,57,0,7,2015
7/15/2015,TB,4,0,3,27.657167,-82.703833,LTB,I,8597,8540,57,0,7,2015
7/15/2015,TB,5,0,3,27.644667,-82.722167,LTB,I,8597,8540,57,0,7,2015
7/15/2015,TB,6,0,3,27.645,-82.711333,LTB,I,8597,8540,57,0,7,2015
7/15/2015,TB,7,0,3,27.71,-82.619167,MTB,I,8597,8540,57,0,7,2015
7/15/2015,TB,8,1,3,27.71,-82.619167,MTB,O,8597,8540,57,0.02,7,2015
8/19/2015,TB,1,0,3,27.699833,-82.695167,LTB,I,8632,8569,63,0,8,2015
8/19/2015,TB,2,0,3,27.685833,-82.698,LTB,I,8632,8569,63,0,8,2015
8/19/2015,TB,3,0,3,27.659667,-82.686,LTB,I,8632,8569,63,0,8,2015
8/19/2015,TB,4,0,3,27.657167,-82.703833,LTB,I,8632,8569,63,0,8,2015
8/19/2015,TB,5,0,3,27.644667,-82.722167,LTB,I,8632,8569,63,0,8,2015
8/19/2015,TB,6,0,3,27.645,-82.711333,LTB,I,8632,8569,63,0,8,2015
8/19/2015,TB,7,0,3,27.71,-82.619167,MTB,I,8632,8569,63,0,8,2015
8/19/2015,TB,8,1,3,27.71,-82.619167,MTB,O,8632,8569,63,0.02,8,2015
9/15/2015,TB,1,0,3,27.699833,-82.695167,LTB,I,8659,8597,62,0,9,2015
9/15/2015,TB,2,1,3,27.685833,-82.698,LTB,I,8659,8597,62,0.02,9,2015
9/15/2015,TB,3,0,3,27.659667,-82.686,LTB,I,8659,8597,62,0,9,2015
9/15/2015,TB,4,0,3,27.657167,-82.703833,LTB,I,8659,8597,62,0,9,2015
9/15/2015,TB,5,2,3,27.644667,-82.722167,LTB,I,8659,8597,62,0.03,9,2015
9/15/2015,TB,6,2,3,27.645,-82.711333,LTB,I,8659,8597,62,0.03,9,2015
9/15/2015,TB,7,0,3,27.71,-82.619167,MTB,I,8659,8597,62,0,9,2015
9/15/2015,TB,8,0,3,27.71,-82.619167,MTB,O,8659,8597,62,0,9,2015
10/23/2015,TB,1,1,4,27.699833,-82.695167,LTB,I,8697,8632,65,0.02,10,2015
10/23/2015,TB,2,0,4,27.685833,-82.698,LTB,I,8697,8632,65,0,10,2015
10/23/2015,TB,3,0,4,27.659667,-82.686,LTB,I,8697,8632,65,0,10,2015
10/23/2015,TB,4,1,4,27.657167,-82.703833,LTB,I,8697,8632,65,0.02,10,2015
10/23/2015,TB,5,0,4,27.644667,-82.722167,LTB,I,8697,8632,65,0,10,2015
10/23/2015,TB,6,1,4,27.645,-82.711333,LTB,I,8697,8632,65,0.02,10,2015
10/23/2015,TB,7,0,4,27.71,-82.619167,MTB,I,8697,8632,65,0,10,2015
10/23/2015,TB,8,7,4,27.71,-82.619167,MTB,O,8697,8632,65,0.11,10,2015
12/1/2015,TB,1,0,4,27.699833,-82.695167,LTB,I,8736,8659,77,0,12,2015
12/1/2015,TB,2,2,4,27.685833,-82.698,LTB,I,8736,8659,77,0.03,12,2015
12/1/2015,TB,3,0,4,27.659667,-82.686,LTB,I,8736,8659,77,0,12,2015
12/1/2015,TB,4,0,4,27.657167,-82.703833,LTB,I,8736,8659,77,0,12,2015
12/1/2015,TB,5,0,4,27.644667,-82.722167,LTB,I,8736,8659,77,0,12,2015
12/1/2015,TB,6,0,4,27.645,-82.711333,LTB,I,8736,8659,77,0,12,2015
11/30/2015,TB,7,0,4,27.71,-82.619167,MTB,I,8735,8659,76,0,11,2015
11/30/2015,TB,8,1,4,27.71,-82.619167,MTB,O,8735,8659,76,0.01,11,2015
12/16/2015,TB,1,1,4,27.699833,-82.695167,LTB,I,8751,8697,54,0.02,12,2015
12/16/2015,TB,2,0,4,27.685833,-82.698,LTB,I,8751,8697,54,0,12,2015
12/16/2015,TB,3,1,4,27.659667,-82.686,LTB,I,8751,8697,54,0.02,12,2015
12/16/2015,TB,4,0,4,27.657167,-82.703833,LTB,I,8751,8697,54,0,12,2015
12/16/2015,TB,5,0,4,27.644667,-82.722167,LTB,I,8751,8697,54,0,12,2015
12/16/2015,TB,6,1,4,27.645,-82.711333,LTB,I,8751,8697,54,0.02,12,2015
12/16/2015,TB,7,0,4,27.71,-82.619167,MTB,I,8751,8697,54,0,12,2015
12/16/2015,TB,8,0,4,27.71,-82.619167,MTB,O,8751,8697,54,0,12,2015
1/25/2016,TB,1,0,1,27.699833,-82.695167,LTB,I,8791,8736,55,0,1,2016
1/25/2016,TB,2,0,1,27.685833,-82.698,LTB,I,8791,8736,55,0,1,2016
1/25/2016,TB,3,0,1,27.659667,-82.686,LTB,I,8791,8736,55,0,1,2016
1/25/2016,TB,4,0,1,27.657167,-82.703833,LTB,I,8791,8736,55,0,1,2016
1/25/2016,TB,5,0,1,27.644667,-82.722167,LTB,I,8791,8736,55,0,1,2016
1/25/2016,TB,6,0,1,27.645,-82.711333,LTB,I,8791,8736,55,0,1,2016
1/25/2016,TB,7,0,1,27.71,-82.619167,MTB,I,8791,8736,55,0,1,2016
1/25/2016,TB,8,0,1,27.71,-82.619167,MTB,O,8791,8736,55,0,1,2016
2/19/2016,TB,1,0,1,27.699833,-82.695167,LTB,I,8816,8751,65,0,2,2016
2/19/2016,TB,2,0,1,27.685833,-82.698,LTB,I,8816,8751,65,0,2,2016
2/19/2016,TB,3,0,1,27.659667,-82.686,LTB,I,8816,8751,65,0,2,2016
2/19/2016,TB,4,0,1,27.657167,-82.703833,LTB,I,8816,8751,65,0,2,2016
2/19/2016,TB,5,0,1,27.644667,-82.722167,LTB,I,8816,8751,65,0,2,2016
2/19/2016,TB,6,0,1,27.645,-82.711333,LTB,I,8816,8751,65,0,2,2016
2/19/2016,TB,7,0,1,27.71,-82.619167,MTB,I,8816,8751,65,0,2,2016
2/19/2016,TB,8,0,1,27.71,-82.619167,MTB,O,8816,8751,65,0,2,2016
3/17/2016,TB,1,0,1,27.699833,-82.695167,LTB,I,8843,8791,52,0,3,2016
3/17/2016,TB,2,0,1,27.685833,-82.698,LTB,I,8843,8791,52,0,3,2016
3/17/2016,TB,3,0,1,27.659667,-82.686,LTB,I,8843,8791,52,0,3,2016
3/17/2016,TB,4,0,1,27.657167,-82.703833,LTB,I,8843,8791,52,0,3,2016
3/17/2016,TB,5,0,1,27.644667,-82.722167,LTB,I,8843,8791,52,0,3,2016
3/17/2016,TB,6,0,1,27.645,-82.711333,LTB,I,8843,8791,52,0,3,2016
3/17/2016,TB,7,0,1,27.71,-82.619167,MTB,I,8843,8791,52,0,3,2016
3/17/2016,TB,8,0,1,27.71,-82.619167,MTB,O,8843,8791,52,0,3,2016
4/20/2016,TB,1,0,2,27.699833,-82.695167,LTB,I,8877,8816,61,0,4,2016
4/20/2016,TB,2,0,2,27.685833,-82.698,LTB,I,8877,8816,61,0,4,2016
4/20/2016,TB,3,0,2,27.659667,-82.686,LTB,I,8877,8816,61,0,4,2016
4/20/2016,TB,4,0,2,27.657167,-82.703833,LTB,I,8877,8816,61,0,4,2016
4/20/2016,TB,5,0,2,27.644667,-82.722167,LTB,I,8877,8816,61,0,4,2016
4/20/2016,TB,6,0,2,27.645,-82.711333,LTB,I,8877,8816,61,0,4,2016
4/20/2016,TB,7,0,2,27.71,-82.619167,MTB,I,8877,8816,61,0,4,2016
4/20/2016,TB,8,0,2,27.71,-82.619167,MTB,O,8877,8816,61,0,4,2016
5/19/2016,TB,1,0,2,27.699833,-82.695167,LTB,I,8906,8843,63,0,5,2016
5/19/2016,TB,2,Z,2,27.685833,-82.698,LTB,I,8906,8843,63,Z,5,2016
5/19/2016,TB,3,Z,2,27.659667,-82.686,LTB,I,8906,8843,63,Z,5,2016
5/19/2016,TB,4,0,2,27.657167,-82.703833,LTB,I,8906,8843,63,0,5,2016
5/19/2016,TB,5,0,2,27.644667,-82.722167,LTB,I,8906,8843,63,0,5,2016
5/19/2016,TB,6,0,2,27.645,-82.711333,LTB,I,8906,8843,63,0,5,2016
5/19/2016,TB,7,0,2,27.71,-82.619167,MTB,I,8906,8843,63,0,5,2016
5/19/2016,TB,8,0,2,27.71,-82.619167,MTB,O,8906,8843,63,0,5,2016
6/22/2016,TB,1,0,2,27.699833,-82.695167,LTB,I,8940,8877,63,0,6,2016
6/22/2016,TB,2,Z,2,27.685833,-82.698,LTB,I,8940,8877,63,Z,6,2016
6/22/2016,TB,3,0,2,27.659667,-82.686,LTB,I,8940,8877,63,0,6,2016
6/22/2016,TB,4,1,2,27.657167,-82.703833,LTB,I,8940,8877,63,0.02,6,2016
6/22/2016,TB,5,4,2,27.644667,-82.722167,LTB,I,8940,8877,63,0.06,6,2016
6/22/2016,TB,6,0,2,27.645,-82.711333,LTB,I,8940,8877,63,0,6,2016
6/22/2016,TB,7,Z,2,27.71,-82.619167,MTB,I,8940,8877,63,Z,6,2016
6/22/2016,TB,8,0,2,27.71,-82.619167,MTB,O,8940,8877,63,0,6,2016
7/15/2016,TB,1,3,3,27.699833,-82.695167,LTB,I,8963,8906,57,0.05,7,2016
7/15/2016,TB,2,0,3,27.685833,-82.698,LTB,I,8963,8906,57,0,7,2016
7/15/2016,TB,3,Z,3,27.659667,-82.686,LTB,I,8963,8906,57,Z,7,2016
7/15/2016,TB,4,0,3,27.657167,-82.703833,LTB,I,8963,8906,57,0,7,2016
7/15/2016,TB,5,2,3,27.644667,-82.722167,LTB,I,8963,8906,57,0.04,7,2016
7/15/2016,TB,6,0,3,27.645,-82.711333,LTB,I,8963,8906,57,0,7,2016
7/15/2016,TB,7,1,3,27.71,-82.619167,MTB,I,8963,8906,57,0.02,7,2016
7/15/2016,TB,8,1,3,27.71,-82.619167,MTB,O,8963,8906,57,0.02,7,2016
8/22/2016,TB,1,0,3,27.699833,-82.695167,LTB,I,9001,8940,61,0,8,2016
8/22/2016,TB,2,3,3,27.685833,-82.698,LTB,I,9001,8940,61,0.05,8,2016
8/22/2016,TB,3,0,3,27.659667,-82.686,LTB,I,9001,8940,61,0,8,2016
8/22/2016,TB,4,1,3,27.657167,-82.703833,LTB,I,9001,8940,61,0.02,8,2016
8/22/2016,TB,5,Z,3,27.644667,-82.722167,LTB,I,9001,8940,61,Z,8,2016
8/22/2016,TB,6,1,3,27.645,-82.711333,LTB,I,9001,8940,61,0.02,8,2016
8/22/2016,TB,7,0,3,27.71,-82.619167,MTB,I,9001,8940,61,0,8,2016
8/22/2016,TB,8,0,3,27.71,-82.619167,MTB,O,9001,8940,61,0,8,2016
9/27/2016,TB,1,0,3,27.699833,-82.695167,LTB,I,9037,8963,74,0,9,2016
9/27/2016,TB,2,0,3,27.685833,-82.698,LTB,I,9037,8963,74,0,9,2016
9/27/2016,TB,3,0,3,27.659667,-82.686,LTB,I,9037,8963,74,0,9,2016
9/27/2016,TB,4,0,3,27.657167,-82.703833,LTB,I,9037,8963,74,0,9,2016
9/27/2016,TB,5,Z,3,27.644667,-82.722167,LTB,I,9037,8963,74,Z,9,2016
9/27/2016,TB,6,0,3,27.645,-82.711333,LTB,I,9037,8963,74,0,9,2016
9/27/2016,TB,7,0,3,27.71,-82.619167,MTB,I,9037,8963,74,0,9,2016
9/27/2016,TB,8,0,3,27.71,-82.619167,MTB,O,9037,8963,74,0,9,2016
10/17/2016,TB,1,0,4,27.699833,-82.695167,LTB,I,9057,9001,56,0,10,2016
10/17/2016,TB,2,0,4,27.685833,-82.698,LTB,I,9057,9001,56,0,10,2016
10/17/2016,TB,3,0,4,27.659667,-82.686,LTB,I,9057,9001,56,0,10,2016
10/17/2016,TB,4,0,4,27.657167,-82.703833,LTB,I,9057,9001,56,0,10,2016
10/17/2016,TB,5,0,4,27.644667,-82.722167,LTB,I,9057,9001,56,0,10,2016
10/17/2016,TB,6,0,4,27.645,-82.711333,LTB,I,9057,9001,56,0,10,2016
10/17/2016,TB,7,Z,4,27.71,-82.619167,MTB,I,9057,9001,56,Z,10,2016
10/17/2016,TB,8,2,4,27.71,-82.619167,MTB,O,9057,9001,56,0.04,10,2016
11/15/2016,TB,1,0,4,27.699833,-82.695167,LTB,I,9086,9037,49,0,11,2016
11/15/2016,TB,2,0,4,27.685833,-82.698,LTB,I,9086,9037,49,0,11,2016
11/15/2016,TB,3,0,4,27.659667,-82.686,LTB,I,9086,9037,49,0,11,2016
11/15/2016,TB,4,0,4,27.657167,-82.703833,LTB,I,9086,9037,49,0,11,2016
11/15/2016,TB,5,0,4,27.644667,-82.722167,LTB,I,9086,9037,49,0,11,2016
11/15/2016,TB,6,0,4,27.645,-82.711333,LTB,I,9086,9037,49,0,11,2016
11/15/2016,TB,7,Z,4,27.71,-82.619167,MTB,I,9086,9037,49,Z,11,2016
11/15/2016,TB,8,0,4,27.71,-82.619167,MTB,O,9086,9037,49,0,11,2016
12/15/2016,TB,1,Z,4,27.699833,-82.695167,LTB,I,9116,9057,59,Z,12,2016
12/15/2016,TB,2,5,4,27.685833,-82.698,LTB,I,9116,9057,59,0.08,12,2016
12/15/2016,TB,3,0,4,27.659667,-82.686,LTB,I,9116,9057,59,0,12,2016
12/15/2016,TB,4,0,4,27.657167,-82.703833,LTB,I,9116,9057,59,0,12,2016
12/15/2016,TB,5,0,4,27.644667,-82.722167,LTB,I,9116,9057,59,0,12,2016
12/15/2016,TB,6,Z,4,27.645,-82.711333,LTB,I,9116,9057,59,Z,12,2016
12/15/2016,TB,7,Z,4,27.71,-82.619167,MTB,I,9116,9057,59,Z,12,2016
12/15/2016,TB,8,0,4,27.71,-82.619167,MTB,O,9116,9057,59,0,12,2016
1/26/2017,TB,1,Z,1,27.699833,-82.695167,LTB,I,9158,9086,72,Z,1,2017
1/26/2017,TB,2,0,1,27.685833,-82.698,LTB,I,9158,9086,72,0,1,2017
1/26/2017,TB,3,0,1,27.659667,-82.686,LTB,I,9158,9086,72,0,1,2017
1/26/2017,TB,4,0,1,27.657167,-82.703833,LTB,I,9158,9086,72,0,1,2017
1/26/2017,TB,5,0,1,27.644667,-82.722167,LTB,I,9158,9086,72,0,1,2017
1/26/2017,TB,6,0,1,27.645,-82.711333,LTB,I,9158,9086,72,0,1,2017
1/26/2017,TB,7,Z,1,27.71,-82.619167,MTB,I,9158,9086,72,Z,1,2017
1/26/2017,TB,8,0,1,27.71,-82.619167,MTB,O,9158,9086,72,0,1,2017
2/27/2017,TB,1,0,1,27.699833,-82.695167,LTB,I,9190,9116,74,0,2,2017
2/27/2017,TB,2,0,1,27.685833,-82.698,LTB,I,9190,9116,74,0,2,2017
2/27/2017,TB,3,0,1,27.659667,-82.686,LTB,I,9190,9116,74,0,2,2017
2/27/2017,TB,4,0,1,27.657167,-82.703833,LTB,I,9190,9116,74,0,2,2017
2/27/2017,TB,5,0,1,27.644667,-82.722167,LTB,I,9190,9116,74,0,2,2017
2/27/2017,TB,6,0,1,27.645,-82.711333,LTB,I,9190,9116,74,0,2,2017
2/27/2017,TB,7,Z,1,27.71,-82.619167,MTB,I,9190,9116,74,Z,2,2017
2/27/2017,TB,8,0,1,27.71,-82.619167,MTB,O,9190,9116,74,0,2,2017
3/21/2017,TB,1,0,1,27.699833,-82.695167,LTB,I,9212,9158,54,0,3,2017
3/21/2017,TB,2,Z,1,27.685833,-82.698,LTB,I,9212,9158,54,Z,3,2017
3/21/2017,TB,3,0,1,27.659667,-82.686,LTB,I,9212,9158,54,0,3,2017
3/21/2017,TB,4,0,1,27.657167,-82.703833,LTB,I,9212,9158,54,0,3,2017
3/21/2017,TB,5,0,1,27.644667,-82.722167,LTB,I,9212,9158,54,0,3,2017
3/21/2017,TB,6,0,1,27.645,-82.711333,LTB,I,9212,9158,54,0,3,2017
3/21/2017,TB,7,0,1,27.71,-82.619167,MTB,I,9212,9158,54,0,3,2017
3/21/2017,TB,8,0,1,27.71,-82.619167,MTB,O,9212,9158,54,0,3,2017
4/18/2017,TB,1,0,2,27.699833,-82.695167,LTB,I,9240,9190,50,0,4,2017
4/18/2017,TB,2,0,2,27.685833,-82.698,LTB,I,9240,9190,50,0,4,2017
4/18/2017,TB,3,0,2,27.659667,-82.686,LTB,I,9240,9190,50,0,4,2017
4/18/2017,TB,4,0,2,27.657167,-82.703833,LTB,I,9240,9190,50,0,4,2017
4/18/2017,TB,5,0,2,27.644667,-82.722167,LTB,I,9240,9190,50,0,4,2017
4/18/2017,TB,6,0,2,27.645,-82.711333,LTB,I,9240,9190,50,0,4,2017
4/18/2017,TB,7,0,2,27.71,-82.619167,MTB,I,9240,9190,50,0,4,2017
4/18/2017,TB,8,0,2,27.71,-82.619167,MTB,O,9240,9190,50,0,4,2017
5/15/2017,TB,1,0,2,27.699833,-82.695167,LTB,I,9267,9212,55,0,5,2017
5/15/2017,TB,2,15,2,27.685833,-82.698,LTB,I,9267,9212,55,0.27,5,2017
5/15/2017,TB,3,1,2,27.659667,-82.686,LTB,I,9267,9212,55,0.02,5,2017
5/15/2017,TB,4,0,2,27.657167,-82.703833,LTB,I,9267,9212,55,0,5,2017
5/15/2017,TB,5,12,2,27.644667,-82.722167,LTB,I,9267,9212,55,0.22,5,2017
5/15/2017,TB,6,0,2,27.645,-82.711333,LTB,I,9267,9212,55,0,5,2017
5/15/2017,TB,7,2,2,27.71,-82.619167,MTB,I,9267,9212,55,0.04,5,2017
5/15/2017,TB,8,0,2,27.71,-82.619167,MTB,O,9267,9212,55,0,5,2017
6/14/2017,TB,1,12,2,27.699833,-82.695167,LTB,I,9297,9240,57,0.21,6,2017
6/14/2017,TB,2,4,2,27.685833,-82.698,LTB,I,9297,9240,57,0.07,6,2017
6/14/2017,TB,3,4,2,27.659667,-82.686,LTB,I,9297,9240,57,0.07,6,2017
6/14/2017,TB,4,3,2,27.657167,-82.703833,LTB,I,9297,9240,57,0.05,6,2017
6/14/2017,TB,5,2,2,27.644667,-82.722167,LTB,I,9297,9240,57,0.04,6,2017
6/14/2017,TB,6,0,2,27.645,-82.711333,LTB,I,9297,9240,57,0,6,2017
6/14/2017,TB,7,1,2,27.71,-82.619167,MTB,I,9297,9240,57,0.02,6,2017
6/14/2017,TB,8,1,2,27.71,-82.619167,MTB,O,9297,9240,57,0.02,6,2017
7/26/2017,TB,1,1,3,27.699833,-82.695167,LTB,I,9339,9267,72,0.01,7,2017
7/26/2017,TB,2,0,3,27.685833,-82.698,LTB,I,9339,9267,72,0,7,2017
7/26/2017,TB,3,1,3,27.659667,-82.686,LTB,I,9339,9267,72,0.01,7,2017
7/26/2017,TB,4,0,3,27.657167,-82.703833,LTB,I,9339,9267,72,0,7,2017
7/26/2017,TB,5,0,3,27.644667,-82.722167,LTB,I,9339,9267,72,0,7,2017
7/26/2017,TB,6,0,3,27.645,-82.711333,LTB,I,9339,9267,72,0,7,2017
7/26/2017,TB,7,0,3,27.71,-82.619167,MTB,I,9339,9267,72,0,7,2017
7/26/2017,TB,8,0,3,27.71,-82.619167,MTB,O,9339,9267,72,0,7,2017
8/15/2017,TB,1,0,3,27.699833,-82.695167,LTB,I,9359,9297,62,0,8,2017
8/15/2017,TB,2,1,3,27.685833,-82.698,LTB,I,9359,9297,62,0.02,8,2017
8/15/2017,TB,3,0,3,27.659667,-82.686,LTB,I,9359,9297,62,0,8,2017
8/15/2017,TB,4,0,3,27.657167,-82.703833,LTB,I,9359,9297,62,0,8,2017
8/15/2017,TB,5,0,3,27.644667,-82.722167,LTB,I,9359,9297,62,0,8,2017
8/15/2017,TB,6,0,3,27.645,-82.711333,LTB,I,9359,9297,62,0,8,2017
8/15/2017,TB,7,Z,3,27.71,-82.619167,MTB,I,9359,9297,62,Z,8,2017
8/15/2017,TB,8,Z,3,27.71,-82.619167,MTB,O,9359,9297,62,Z,8,2017
9/21/2017,TB,1,0,3,27.699833,-82.695167,LTB,I,9396,9339,57,0,9,2017
9/21/2017,TB,2,0,3,27.685833,-82.698,LTB,I,9396,9339,57,0,9,2017
9/21/2017,TB,3,0,3,27.659667,-82.686,LTB,I,9396,9339,57,0,9,2017
9/21/2017,TB,4,0,3,27.657167,-82.703833,LTB,I,9396,9339,57,0,9,2017
9/21/2017,TB,5,0,3,27.644667,-82.722167,LTB,I,9396,9339,57,0,9,2017
9/21/2017,TB,6,1,3,27.645,-82.711333,LTB,I,9396,9339,57,0.02,9,2017
9/21/2017,TB,7,0,3,27.71,-82.619167,MTB,I,9396,9339,57,0,9,2017
9/21/2017,TB,8,Z,3,27.71,-82.619167,MTB,O,9396,9339,57,Z,9,2017
10/31/2017,TB,1,0,4,27.699833,-82.695167,LTB,I,9436,9359,77,0,10,2017
10/31/2017,TB,2,0,4,27.685833,-82.698,LTB,I,9436,9359,77,0,10,2017
10/31/2017,TB,3,0,4,27.659667,-82.686,LTB,I,9436,9359,77,0,10,2017
10/31/2017,TB,4,0,4,27.657167,-82.703833,LTB,I,9436,9359,77,0,10,2017
10/31/2017,TB,5,0,4,27.644667,-82.722167,LTB,I,9436,9359,77,0,10,2017
10/31/2017,TB,6,0,4,27.645,-82.711333,LTB,I,9436,9359,77,0,10,2017
10/31/2017,TB,7,0,4,27.71,-82.619167,MTB,I,9436,9359,77,0,10,2017
10/31/2017,TB,8,0,4,27.71,-82.619167,MTB,O,9436,9359,77,0,10,2017
11/21/2017,TB,1,0,4,27.699833,-82.695167,LTB,I,9457,9396,61,0,11,2017
11/21/2017,TB,2,3,4,27.685833,-82.698,LTB,I,9457,9396,61,0.05,11,2017
11/21/2017,TB,3,2,4,27.659667,-82.686,LTB,I,9457,9396,61,0.03,11,2017
11/21/2017,TB,4,0,4,27.657167,-82.703833,LTB,I,9457,9396,61,0,11,2017
11/21/2017,TB,5,Z,4,27.644667,-82.722167,LTB,I,9457,9396,61,Z,11,2017
11/21/2017,TB,6,0,4,27.645,-82.711333,LTB,I,9457,9396,61,0,11,2017
11/21/2017,TB,7,0,4,27.71,-82.619167,MTB,I,9457,9396,61,0,11,2017
11/21/2017,TB,8,0,4,27.71,-82.619167,MTB,O,9457,9396,61,0,11,2017
12/18/2017,TB,1,0,4,27.699833,-82.695167,LTB,I,9484,9436,48,0,12,2017
12/18/2017,TB,2,0,4,27.685833,-82.698,LTB,I,9484,9436,48,0,12,2017
12/18/2017,TB,3,0,4,27.659667,-82.686,LTB,I,9484,9436,48,0,12,2017
12/18/2017,TB,4,0,4,27.657167,-82.703833,LTB,I,9484,9436,48,0,12,2017
12/18/2017,TB,5,0,4,27.644667,-82.722167,LTB,I,9484,9436,48,0,12,2017
12/18/2017,TB,6,0,4,27.645,-82.711333,LTB,I,9484,9436,48,0,12,2017
12/18/2017,TB,7,1,4,27.71,-82.619167,MTB,I,9484,9436,48,0.02,12,2017
12/18/2017,TB,8,0,4,27.71,-82.619167,MTB,O,9484,9436,48,0,12,2017
