Site,Date,Month,Year,MonYr,Station,Location,Latitude,Longitude,Time,Depth,Temp,Sal,DO_mg/l,DO,Sampling_Depth,Secchi,Per_Secchi
TB,8/5/2002,8,2002,8/2002,1,Indian Key,27.69983333,-82.69508333,13:26,1.5,31.6,33,Z,Z,Surface,1.5,100
TB,8/5/2002,8,2002,8/2002,2,Tarpon Key,27.66,-82.68733333,12:54,2,31.2,33.2,Z,Z,Surface,1.5,75
TB,8/28/2002,8,2002,8/2002,1,Indian Key,27.69983333,-82.69508333,9:21,1.75,28.8,35.5,Z,Z,Surface,1.5,85.7
TB,8/28/2002,8,2002,8/2002,2,Tarpon Key,27.66,-82.68733333,8:39,2,28.7,33.8,Z,Z,Surface,1.5,75
TB,9/18/2002,9,2002,9/2002,1,Indian Key,27.69983333,-82.69508333,9:49,1.5,29.4,30.2,Z,Z,Surface,1.5,100
TB,9/18/2002,9,2002,9/2002,2,Tarpon Key,27.66,-82.68733333,9:10,2.25,29.6,28.5,Z,Z,Surface,2,88.9
TB,10/7/2002,10,2002,10/2002,1,Indian Key,27.69983333,-82.69508333,10:15,1,28.4,28.4,Z,Z,Surface,1,100
TB,10/7/2002,10,2002,10/2002,2,Tarpon Key,27.66,-82.68733333,9:41,1.5,28.4,31.1,Z,Z,Surface,1.25,83.3
TB,11/6/2002,11,2002,11/2002,2,Indian Key,27.69903333,-82.69238333,9:44,1.25,25.2,28.4,Z,Z,Surface,1,80
TB,11/6/2002,11,2002,11/2002,5,Tarpon Key,27.66063333,-82.691,9:08,2,25.4,Z,Z,Z,Surface,1.75,87.5
TB,11/25/2002,11,2002,11/2002,2,Indian Key,27.69903333,-82.69238333,9:30,0.6,17.9,25.6,Z,Z,Surface,0.6,100
TB,11/25/2002,11,2002,11/2002,5,Tarpon Key,27.66063333,-82.691,8:50,1.2,17.2,21.7,Z,Z,Surface,1.2,100
TB,12/19/2002,12,2002,12/2002,2,Indian Key,27.69903333,-82.69238333,14:06,1.7,18.2,26.8,Z,Z,Surface,1.4,82.4
TB,12/19/2002,12,2002,12/2002,5,Tarpon Key,27.66063333,-82.691,13:30,1,17.6,26.6,Z,Z,Surface,0.6,60
TB,1/9/2003,1,2003,1/2003,2,Indian Key,27.69903333,-82.69238333,14:02,1.5,17.7,26,Z,Z,Surface,1.5,100
TB,1/9/2003,1,2003,1/2003,5,Tarpon Key,27.66063333,-82.691,13:15,2.5,16.5,25.1,Z,Z,Surface,2.5,100
TB,1/27/2003,1,2003,1/2003,2,Indian Key,27.69903333,-82.69238333,9:05,0.75,12.2,26.1,Z,Z,Surface,0.75,100
TB,1/27/2003,1,2003,1/2003,5,Tarpon Key,27.66063333,-82.691,9:35,2,12.3,23.9,Z,Z,Surface,1.5,75
TB,2/17/2003,2,2003,2/2003,2,Indian Key,27.69903333,-82.69238333,10:25,0.75,Z,Z,Z,Z,Surface,0.75,100
TB,2/17/2003,2,2003,2/2003,5,Tarpon Key,27.66063333,-82.691,9:58,1.5,Z,Z,Z,Z,Surface,1.5,100
TB,3/12/2003,3,2003,3/2003,2,Indian Key,27.69903333,-82.69238333,10:09,1.2,23.5,29.4,Z,Z,Surface,1.2,100
TB,3/12/2003,3,2003,3/2003,5,Tarpon Key,27.66063333,-82.691,9:24,1.8,23.4,Z,Z,Z,Surface,1.8,100
TB,4/22/2003,4,2003,4/2003,2,Indian Key,27.69903333,-82.69238333,8:45,1.25,24.3,30.4,Z,Z,Surface,1.25,100
TB,4/22/2003,4,2003,4/2003,5,Tarpon Key,27.66063333,-82.691,8:15,2,24.4,30.9,Z,Z,Surface,1.25,62.5
TB,5/12/2003,5,2003,5/2003,2,Indian Key,27.69903333,-82.69238333,9:44,1.25,29.2,30.3,Z,Z,Surface,1.25,100
TB,5/12/2003,5,2003,5/2003,5,Tarpon Key,27.66063333,-82.691,9:11,2,29.2,30.1,Z,Z,Surface,2,100
TB,6/3/2003,6,2003,6/2003,2,Indian Key,27.69903333,-82.69238333,15:08,1,30,33,Z,Z,Surface,1,100
TB,6/3/2003,6,2003,6/2003,5,Tarpon Key,27.66063333,-82.691,14:46,2.1,30.1,33,Z,Z,Surface,1.3,61.9
TB,7/2/2003,7,2003,7/2003,2,Indian Key,27.69903333,-82.69238333,9:25,1,29.4,26.1,Z,Z,Surface,Z,Z
TB,7/2/2003,7,2003,7/2003,5,Tarpon Key,27.66063333,-82.691,8:55,2.25,29.2,26.4,Z,Z,Surface,Z,Z
TB,7/24/2003,7,2003,7/2003,2,Indian Key,27.69903333,-82.69238333,13:59,1.3,31.8,24.8,Z,Z,Surface,1.3,100
TB,7/24/2003,7,2003,7/2003,5,Tarpon Key,27.66063333,-82.691,13:29,1.9,31.6,24.7,Z,Z,Surface,1.5,78.9
TB,8/13/2003,8,2003,8/2003,2,Indian Key,27.69903333,-82.69238333,9:25,1.2,28.1,25,Z,Z,Surface,1.2,100
TB,8/13/2003,8,2003,8/2003,5,Tarpon Key,27.66063333,-82.691,8:45,2.1,27.8,26,Z,Z,Surface,1.5,71.4
TB,9/11/2003,9,2003,9/2003,2,Indian Key,27.69903333,-82.69238333,14:32,1.3,31,27,Z,Z,Surface,1.3,100
TB,9/11/2003,9,2003,9/2003,5,Tarpon Key,27.66063333,-82.691,13:54,2.5,29.5,26,Z,Z,Surface,2.3,92
TB,10/1/2003,10,2003,10/2003,2,Indian Key,27.69903333,-82.69238333,9:40,0.75,26.2,27.2,Z,Z,Surface,0.75,100
TB,10/1/2003,10,2003,10/2003,5,Tarpon Key,27.66063333,-82.691,9:05,2,25,25.9,Z,Z,Surface,2,100
TB,10/28/2003,10,2003,10/2003,2,Indian Key,27.69903333,-82.69238333,9:00,1,25.8,29.8,Z,Z,Surface,1,100
TB,10/28/2003,10,2003,10/2003,5,Tarpon Key,27.66063333,-82.691,8:35,1.75,25.8,29.8,Z,Z,Surface,1.75,100
TB,11/25/2003,11,2003,11/2003,2,Indian Key,27.69903333,-82.69238333,15:10,1.5,22.1,30.5,Z,Z,Surface,1.3,86.7
TB,11/25/2003,11,2003,11/2003,5,Tarpon Key,27.66063333,-82.691,14:49,2.2,22.1,30.3,Z,Z,Surface,2,90.9
TB,12/18/2003,12,2003,12/2003,2,Indian Key,27.69903333,-82.69238333,14:40,1.5,16.5,30.3,Z,Z,Surface,1,66.7
TB,12/18/2003,12,2003,12/2003,5,Tarpon Key,27.66063333,-82.691,14:00,1.8,15.9,30.6,Z,Z,Surface,1,55.6
TB,1/15/2004,1,2004,1/2004,2,Indian Key,27.69903333,-82.69238333,14:50,1,16.8,31.6,Z,Z,Surface,1,100
TB,1/15/2004,1,2004,1/2004,5,Tarpon Key,27.66063333,-82.691,13:59,1.8,15.8,31,Z,Z,Surface,1.7,94.4
TB,1/29/2004,1,2004,1/2004,2,Indian Key,27.69903333,-82.69238333,13:58,1.3,16.5,31.3,Z,Z,Surface,1.3,100
TB,1/29/2004,1,2004,1/2004,5,Tarpon Key,27.66063333,-82.691,13:35,2,15.6,31.1,Z,Z,Surface,2,100
TB,2/19/2004,2,2004,2/2004,2,Indian Key,27.69903333,-82.69238333,8:47,0.3,15.1,31.8,Z,Z,Surface,0.3,100
TB,2/19/2004,2,2004,2/2004,5,Tarpon Key,27.66063333,-82.691,8:25,1.2,15.4,30,Z,Z,Surface,1.3,108.3
TB,3/17/2004,3,2004,3/2004,2,Indian Key,27.69903333,-82.69238333,8:23,0.9,20.2,29.8,Z,Z,Surface,0.9,100
TB,3/17/2004,3,2004,3/2004,5,Tarpon Key,27.66063333,-82.691,7:55,1.5,20.5,29.3,Z,Z,Surface,1.5,100
TB,3/30/2004,3,2004,3/2004,2,Indian Key,27.69903333,-82.69238333,9:25,0.9,21.1,29.1,Z,Z,Surface,0.9,100
TB,3/30/2004,3,2004,3/2004,5,Tarpon Key,27.66063333,-82.691,8:40,1.65,21.4,29.6,Z,Z,Surface,1,60.6
TB,4/19/2004,4,2004,4/2004,2,Indian Key,27.69903333,-82.69238333,13:50,1.2,21.9,30.9,Z,Z,Surface,1,83.3
TB,4/19/2004,4,2004,4/2004,5,Tarpon Key,27.66063333,-82.691,13:00,2.1,22.1,30.4,Z,Z,Surface,1.25,59.5
TB,5/14/2004,5,2004,5/2004,2,Indian Key,27.69903333,-82.69238333,10:08,1,25.3,29.8,Z,Z,Surface,1,100
TB,5/14/2004,5,2004,5/2004,5,Tarpon Key,27.66063333,-82.691,9:45,2,25.1,Z,Z,Z,Surface,2,100
TB,6/4/2004,6,2004,6/2004,2,Indian Key,27.69903333,-82.69238333,10:05,1.5,30,Z,Z,Z,Surface,Z,Z
TB,6/4/2004,6,2004,6/2004,5,Tarpon Key,27.66063333,-82.691,9:29,2.3,32,Z,Z,Z,Surface,Z,Z
TB,6/30/2004,6,2004,6/2004,2,Indian Key,27.69903333,-82.69238333,9:37,1.4,30,32.8,Z,Z,Surface,Z,Z
TB,6/30/2004,6,2004,6/2004,5,Tarpon Key,27.66063333,-82.691,8:57,2.1,30.5,Z,Z,Z,Surface,Z,Z
TB,7/21/2004,7,2004,7/2004,2,Indian Key,27.69903333,-82.69238333,11:11,0.9,28,31.4,Z,Z,Surface,0.9,100
TB,7/21/2004,7,2004,7/2004,5,Tarpon Key,27.66063333,-82.691,10:49,1.8,28,30.8,Z,Z,Surface,1.8,100
TB,8/19/2004,8,2004,8/2004,1,Indian Key,27.69983333,-82.69508333,13:47,1.35,28.9,31,Z,Z,Surface,1.35,100
TB,8/19/2004,8,2004,8/2004,2,Tarpon Key,27.69903333,-82.69238333,8:14,0.9,29.4,28.4,Z,Z,Surface,0.75,83.3
TB,9/9/2004,9,2004,9/2004,1,Indian Key,27.69983333,-82.69508333,7:54,1.2,28.3,25.7,Z,Z,Surface,1.2,100
TB,9/9/2004,9,2004,9/2004,2,Tarpon Key,27.69903333,-82.69238333,8:17,1.35,28.2,23.6,Z,Z,Surface,1.35,100
TB,9/30/2004,9,2004,9/2004,1,Indian Key,27.69983333,-82.69508333,8:44,0.75,27.5,29.2,Z,Z,Surface,0.75,100
TB,9/30/2004,9,2004,9/2004,2,Tarpon Key,27.69903333,-82.69238333,9:01,0.5,27.8,27.8,Z,Z,Surface,0.5,100
TB,10/21/2004,10,2004,10/2004,1,Indian Key,27.6997,-82.6955,8:26,1.75,26.8,29.8,Z,Z,Surface,1,57.1
TB,10/21/2004,10,2004,10/2004,2,Tarpon Key,27.6593,-82.69278333,8:44,1.5,26.3,28.3,Z,Z,Surface,1.25,83.3
TB,11/12/2004,11,2004,11/2004,1,Indian Key,27.6997,-82.6955,9:35,1.5,23,30.8,Z,Z,Surface,1,66.7
TB,11/12/2004,11,2004,11/2004,2,Tarpon Key,27.6593,-82.69278333,12:00,1.5,22.1,31.1,Z,Z,Surface,1,66.7
TB,12/2/2004,12,2004,12/2004,1,Indian Key,27.6997,-82.6955,9:51,0.5,21.7,30.4,Z,Z,Surface,0.5,100
TB,12/2/2004,12,2004,12/2004,2,Tarpon Key,27.6593,-82.69278333,10:07,0.5,21.8,29.8,Z,Z,Surface,0.5,100
TB,1/3/2005,1,2005,1/2005,1,Indian Key,27.69983333,-82.69508333,8:39,1,16.3,32.1,Z,Z,Surface,1,100
TB,1/3/2005,1,2005,1/2005,2,Tarpon Key,27.69903333,-82.69238333,8:48,1,16.9,30.4,Z,Z,Surface,1,100
TB,1/27/2005,1,2005,1/2005,2,Indian Key,27.69903333,-82.69238333,8:10,0.6,15.2,31,Z,Z,Surface,0.6,100
TB,1/27/2005,1,2005,1/2005,5,Tarpon Key,27.66063333,-82.691,8:43,1.2,15.4,31.4,Z,Z,Surface,1.2,100
TB,2/18/2005,2,2005,2/2005,2,Indian Key,27.69903333,-82.69238333,8:38,Z,17.4,31,Z,Z,Surface,Z,Z
TB,2/18/2005,2,2005,2/2005,5,Tarpon Key,27.66063333,-82.691,8:16,Z,18.5,31.7,Z,Z,Surface,2.25,#VALUE!
TB,3/9/2005,3,2005,3/2005,2,Indian Key,27.69903333,-82.69238333,8:26,1,17.4,32.1,Z,Z,Surface,1,100
TB,3/9/2005,3,2005,3/2005,5,Tarpon Key,27.66063333,-82.691,8:50,1.75,17.8,32.1,Z,Z,Surface,1,57.1
TB,3/30/2005,3,2005,3/2005,2,Indian Key,27.69903333,-82.69238333,8:42,2,21.7,31.8,Z,Z,Surface,2,100
TB,3/30/2005,3,2005,3/2005,5,Tarpon Key,27.66063333,-82.691,9:03,2.5,21.4,32.2,Z,Z,Surface,1,40
TB,4/21/2005,4,2005,4/2005,2,Indian Key,27.69903333,-82.69238333,7:58,1,21.6,31.9,Z,Z,Surface,1,100
TB,4/21/2005,4,2005,4/2005,5,Tarpon Key,27.66063333,-82.691,8:28,2,21.7,31.2,Z,Z,Surface,1.25,62.5
TB,5/13/2005,5,2005,5/2005,2,Indian Key,27.69903333,-82.69238333,7:53,1.25,25,30.8,Z,Z,Surface,1.25,100
TB,5/13/2005,5,2005,5/2005,5,Tarpon Key,27.66063333,-82.691,8:15,2,25.3,31.4,Z,Z,Surface,0.75,37.5
TB,6/3/2005,6,2005,6/2005,2,Indian Key,27.69903333,-82.69238333,8:04,1.5,26.8,31.2,Z,Z,Surface,1.5,100
TB,6/3/2005,6,2005,6/2005,5,Tarpon Key,27.66063333,-82.691,8:34,2.5,26.7,31.4,Z,Z,Surface,1.5,60
TB,7/1/2005,7,2005,7/2005,2,Indian Key,27.69903333,-82.69238333,8:53,1.25,29.6,29.4,Z,Z,Surface,1.25,100
TB,7/1/2005,7,2005,7/2005,5,Tarpon Key,27.66063333,-82.691,8:30,2.75,29.5,29.6,Z,Z,Surface,1,36.4
TB,7/22/2005,7,2005,7/2005,2,Indian Key,27.69903333,-82.69238333,7:53,1.25,30.8,28.2,Z,Z,Surface,1.25,100
TB,7/22/2005,7,2005,7/2005,5,Tarpon Key,27.66063333,-82.691,8:16,2,30.7,27.8,Z,Z,Surface,1.5,75
TB,8/12/2005,8,2005,8/2005,2,Indian Key,27.69903333,-82.69238333,8:13,1.5,31.7,30.5,Z,Z,Surface,1.5,100
TB,8/12/2005,8,2005,8/2005,5,Tarpon Key,27.66063333,-82.691,8:40,2.5,31.6,30,Z,Z,Surface,1.75,70
TB,8/31/2005,8,2005,8/2005,2,Indian Key,27.69903333,-82.69238333,8:52,1.2,28.5,29.6,Z,Z,Surface,1.2,100
TB,8/31/2005,8,2005,8/2005,5,Tarpon Key,27.66063333,-82.691,8:24,1.8,29.7,30.7,Z,Z,Surface,1.5,83.3
TB,9/23/2005,9,2005,9/2005,2,Indian Key,27.69903333,-82.69238333,8:58,1.2,Z,Z,Z,Z,Surface,1.2,100
TB,9/23/2005,9,2005,9/2005,5,Tarpon Key,27.66063333,-82.691,8:28,1.8,Z,Z,Z,Z,Surface,1.8,100
TB,10/13/2005,10,2005,10/2005,2,Indian Key,27.69903333,-82.69238333,9:16,1.5,28.1,32.9,Z,Z,Surface,1.5,100
TB,10/13/2005,10,2005,10/2005,5,Tarpon Key,27.66063333,-82.691,8:36,2.1,28.1,32.2,Z,Z,Surface,2.1,100
TB,10/31/2005,10,2005,10/2005,2,Indian Key,27.69903333,-82.69238333,8:50,1.5,19.3,31.8,Z,Z,Surface,1.5,100
TB,10/31/2005,10,2005,10/2005,5,Tarpon Key,27.66063333,-82.691,8:20,1.5,19.4,29.3,Z,Z,Surface,1.5,100
TB,11/21/2005,11,2005,11/2005,2,Indian Key,27.69903333,-82.69238333,9:20,0.6,22.4,32.2,Z,Z,Surface,0.6,100
TB,11/21/2005,11,2005,11/2005,5,Tarpon Key,27.66063333,-82.691,9:42,1.8,22.4,32.6,Z,Z,Surface,1.8,100
TB,12/15/2005,12,2005,12/2005,2,Indian Key,27.69903333,-82.69238333,8:27,1.5,17.1,31.9,Z,Z,Surface,1.5,100
TB,12/15/2005,12,2005,12/2005,5,Tarpon Key,27.66063333,-82.691,8:00,1.5,16.7,31.3,Z,Z,Surface,1.5,100
TB,1/3/2006,1,2006,1/2006,2,Indian Key,27.69903333,-82.69238333,8:40,0.75,19,31.7,Z,Z,Surface,0.75,100
TB,1/3/2006,1,2006,1/2006,5,Tarpon Key,27.66063333,-82.691,8:18,1.65,19.3,32.1,Z,Z,Surface,1.65,100
TB,1/26/2006,1,2006,1/2006,2,Indian Key,27.69903333,-82.69238333,8:54,0.75,15.5,33.1,Z,Z,Surface,0.75,100
TB,1/26/2006,1,2006,1/2006,5,Tarpon Key,27.66063333,-82.691,8:31,1.35,15.9,32.7,Z,Z,Surface,1.35,100
TB,2/15/2006,2,2006,2/2006,2,Indian Key,27.69903333,-82.69238333,8:38,0.9,12.8,32.5,Z,Z,Surface,0.9,100
TB,2/15/2006,2,2006,2/2006,5,Tarpon Key,27.66063333,-82.691,8:10,1.5,12.9,32.3,Z,Z,Surface,1.5,100
TB,3/10/2006,3,2006,3/2006,2,Indian Key,27.69903333,-82.69238333,8:20,1.2,19.1,33.5,Z,Z,Surface,1.2,100
TB,3/10/2006,3,2006,3/2006,5,Tarpon Key,27.66063333,-82.691,8:40,2.1,19.1,33.2,Z,Z,Surface,2.1,100
TB,3/28/2006,3,2006,3/2006,2,Indian Key,27.69903333,-82.69238333,9:00,0.9,18.2,35,Z,Z,Surface,0.9,100
TB,3/28/2006,3,2006,3/2006,5,Tarpon Key,27.66063333,-82.691,8:20,1.8,18.2,34.3,Z,Z,Surface,1.8,100
TB,4/25/2006,4,2006,4/2006,2,Indian Key,27.69903333,-82.69238333,8:16,1.5,27.6,34.7,Z,Z,Surface,1,66.7
TB,4/25/2006,4,2006,4/2006,5,Tarpon Key,27.66063333,-82.691,8:54,1,27.5,35,Z,Z,Surface,1,100
TB,6/2/2006,6,2006,6/2006,2,Indian Key,27.69903333,-82.69238333,8:50,1,27.9,33.9,Z,Z,Surface,1,100
TB,6/2/2006,6,2006,6/2006,5,Tarpon Key,27.66063333,-82.691,8:20,2,28.2,34.7,Z,Z,Surface,2,100
TB,6/22/2006,6,2006,6/2006,2,Indian Key,27.69903333,-82.69238333,9:05,1.5,28.8,35.3,Z,Z,Surface,1.5,100
TB,6/22/2006,6,2006,6/2006,5,Tarpon Key,27.66063333,-82.691,8:37,2.25,30.1,35.1,Z,Z,Surface,1.25,55.6
TB,7/20/2006,7,2006,7/2006,2,Indian Key,27.69903333,-82.69238333,9:40,1,30.2,34.4,Z,Z,Surface,1,100
TB,7/20/2006,7,2006,7/2006,5,Tarpon Key,27.66063333,-82.691,9:00,2,30.6,34.7,Z,Z,Surface,2,100
TB,8/7/2006,8,2006,8/2006,2,Indian Key,27.69903333,-82.69238333,8:15,1.5,30.3,32.6,Z,Z,Surface,1.5,100
TB,8/7/2006,8,2006,8/2006,5,Tarpon Key,27.66063333,-82.691,8:45,2.5,30.6,32.9,Z,Z,Surface,2,80
TB,9/5/2006,9,2006,9/2006,2,Indian Key,27.69903333,-82.69238333,9:08,1.5,28.2,30.7,Z,Z,Surface,1.5,100
TB,9/5/2006,9,2006,9/2006,5,Tarpon Key,27.66063333,-82.691,11:03,2.5,29.7,31.1,Z,Z,Surface,2,80
TB,10/2/2006,10,2006,10/2006,2,Indian Key,27.69903333,-82.69238333,8:25,1.25,27.4,30.5,Z,Z,Surface,1.25,100
TB,10/2/2006,10,2006,10/2006,5,Tarpon Key,27.66063333,-82.691,9:27,2.5,27.49,30,Z,Z,Surface,2.5,100
TB,10/30/2006,10,2006,10/2006,2,Indian Key,27.69903333,-82.69238333,8:54,1.35,Z,Z,Z,Z,Surface,1.35,100
TB,10/30/2006,10,2006,10/2006,5,Tarpon Key,27.66063333,-82.691,10:00,1,Z,Z,Z,Z,Surface,1,100
TB,11/30/2006,11,2006,11/2006,2,Indian Key,27.69903333,-82.69238333,8:04,1.25,20.3,30.1,Z,Z,Surface,1.25,100
TB,11/30/2006,11,2006,11/2006,5,Tarpon Key,27.66063333,-82.691,9:21,2,20.7,30.2,Z,Z,Surface,2,100
TB,12/18/2006,12,2006,12/2006,2,Indian Key,27.69903333,-82.69238333,8:10,1,19.4,31.7,Z,Z,Surface,1,100
TB,12/18/2006,12,2006,12/2006,5,Tarpon Key,27.66063333,-82.691,8:31,1.3,19.6,31.1,Z,Z,Surface,1.3,100
TB,1/17/2007,1,2007,1/2007,2,Indian Key ,27.69903333,-82.69238333,8:05,0.25,19.54,32.55,Z,Z,Surface,0.25,100
TB,1/17/2007,1,2007,1/2007,5,Tarpon Key,27.66063333,-82.691,9:08,1.5,19.81,31.83,Z,Z,Surface,1.5,100
TB,2/14/2007,2,2007,2/2007,2,Indian Key ,27.69903333,-82.69238333,8:27,1,17.78,30,Z,Z,Surface,1,100
TB,2/14/2007,2,2007,2/2007,5,Tarpon Key,27.66063333,-82.691,9:00,1.5,17.81,30.1,Z,Z,Surface,1.5,100
TB,3/12/2007,3,2007,3/2007,1,Indian Key ,27.69983333,-82.69508333,8:11,1.5,19.73,29.82,Z,Z,Surface,1.5,100
TB,3/12/2007,3,2007,3/2007,2,Tarpon Key,27.69903333,-82.69238333,8:36,2,20.65,29.67,Z,Z,Surface,2,100
TB,3/12/2007,3,2007,3/2007,3,Ft. DeSoto,27.69898333,-82.69033333,8:57,2,20.26,31.32,Z,Z,Surface,2,100
TB,4/17/2007,4,2007,4/2007,1,Indian Key ,27.69983333,-82.69508333,10:15,3,Z,Z,Z,Z,Surface,2,66.7
TB,4/17/2007,4,2007,4/2007,3,Tarpon Key,27.66,-82.68733333,9:20,2,Z,Z,Z,Z,Surface,2,100
TB,4/17/2007,4,2007,4/2007,5,Ft. DeSoto,27.64463333,-82.72221667,8:45,2,Z,Z,Z,Z,Surface,1,50
TB,5/15/2007,5,2007,5/2007,1,Indian Key ,27.69983333,-82.69508333,10:59,2,25.73,34.44,Z,Z,Surface,1.5,75
TB,5/15/2007,5,2007,5/2007,3,Tarpon Key,27.66,-82.68733333,10:45,2.8,25.56,33.75,Z,Z,Surface,1.5,53.6
TB,5/15/2007,5,2007,5/2007,5,Ft. DeSoto,27.64463333,-82.72221667,10:22,1.1,25.27,34.77,Z,Z,Surface,1.1,100
TB,6/12/2007,6,2007,6/2007,1,Indian Key ,27.69983333,-82.69508333,10:02,1.6,29.53,34.74,Z,Z,Surface,1.25,78.1
TB,6/12/2007,6,2007,6/2007,3,Tarpon Key,27.66,-82.68733333,9:45,3,29.81,34.98,Z,Z,Surface,1.25,41.7
TB,6/12/2007,6,2007,6/2007,5,Ft. DeSoto,27.64463333,-82.72221667,Z,Z,Z,Z,Z,Z,Surface,Z,Z
TB,7/17/2007,7,2007,7/2007,1,Indian Key ,27.69983333,-82.69508333,9:35,1.5,30.33,33.28,Z,Z,Surface,1,66.7
TB,7/17/2007,7,2007,7/2007,3,Tarpon Key,27.66,-82.68733333,9:22,2.75,30.25,33.44,Z,Z,Surface,1.5,54.5
TB,7/17/2007,7,2007,7/2007,5,Ft. DeSoto,27.64463333,-82.72221667,8:55,2,30.3,33.97,Z,Z,Surface,1.75,87.5
TB,8/15/2007,8,2007,8/2007,1,Indian Key ,27.69983333,-82.69508333,11:22,2,31.22,32.78,Z,Z,Surface,2,100
TB,8/15/2007,8,2007,8/2007,3,Tarpon Key,27.66,-82.68733333,11:01,2.5,30.94,32.35,Z,Z,Surface,2,80
TB,8/15/2007,8,2007,8/2007,5,Ft. DeSoto,27.64463333,-82.72221667,10:34,1,30.98,33.7,Z,Z,Surface,1,100
TB,9/17/2007,9,2007,9/2007,1,Indian Key ,27.69983333,-82.69508333,11:17,1.5,29.17,34.27,Z,Z,Surface,1.5,100
TB,9/17/2007,9,2007,9/2007,3,Tarpon Key,27.66,-82.68733333,10:52,2.5,28.79,33.62,Z,Z,Surface,2.5,100
TB,9/17/2007,9,2007,9/2007,5,Ft. DeSoto,27.64463333,-82.72221667,9:45,1,28.43,34.78,Z,Z,Surface,1,100
TB,10/23/2007,10,2007,10/2007,1,Indian Key ,27.69983333,-82.69508333,7:55,1.5,24.39,31.04,Z,Z,Surface,1,66.7
TB,10/23/2007,10,2007,10/2007,3,Tarpon Key,27.66,-82.68733333,8:27,2.4,24.47,31.19,Z,Z,Surface,2,83.3
TB,10/23/2007,10,2007,10/2007,5,Ft. DeSoto,27.64463333,-82.72221667,9:15,1.2,24.33,33.17,Z,Z,Surface,1.2,100
TB,11/19/2007,11,2007,11/2007,1,Indian Key ,27.69983333,-82.69508333,8:34,1.5,15.75,33.58,Z,Z,Surface,1.5,100
TB,11/20/2007,11,2007,11/2007,3,Tarpon Key,27.66,-82.68733333,Z,Z,Z,Z,Z,Z,Surface,Z,Z
TB,11/20/2007,11,2007,11/2007,5,Ft. DeSoto,27.64463333,-82.72221667,Z,Z,Z,Z,Z,Z,Surface,Z,Z
TB,12/18/2007,12,2007,12/2007,1,Indian Key ,27.69983333,-82.69508333,12:07,1.5,18.8,36.2,Z,Z,Surface,1.5,100
TB,12/18/2007,12,2007,12/2007,3,Tarpon Key,27.66,-82.68733333,11:34,2.5,16.3,36,Z,Z,Surface,2.5,100
TB,12/18/2007,12,2007,12/2007,5,Ft. DeSoto,27.64463333,-82.72221667,10:59,0.5,16.9,36.8,Z,Z,Surface,0.5,100
TB,1/15/2008,1,2008,1/2008,1,Indian Key,27.69983333,-82.69508333,11:05,1.5,17,35.7,Z,Z,Surface,1.5,100
TB,1/15/2008,1,2008,1/2008,3,Tarpon Key,27.66,-82.68733333,10:23,2.4,16.1,35.7,Z,Z,Surface,2.4,100
TB,1/15/2008,1,2008,1/2008,5,Ft. DeSoto,27.64463333,-82.72221667,9:42,1,16.2,36.1,Z,Z,Surface,1,100
TB,2/18/2008,2,2008,2/2008,1,Indian Key,27.69983333,-82.69508333,10:15,1,20.69,31.8,Z,Z,Surface,1,100
TB,2/18/2008,2,2008,2/2008,3,Tarpon Key,27.66,-82.68733333,9:41,1.5,20.12,31.82,Z,Z,Surface,1.5,100
TB,2/18/2008,2,2008,2/2008,5,Ft. DeSoto,27.64463333,-82.72221667,9:08,1,20.29,32.52,Z,Z,Surface,1,100
TB,3/18/2008,3,2008,3/2008,1,Indian Key,27.69983333,-82.69508333,10:16,1.6,21.2,32.8,Z,Z,Surface,1.6,100
TB,3/18/2008,3,2008,3/2008,3,Tarpon Key,27.66,-82.68733333,9:42,2.4,20.9,32.4,Z,Z,Surface,2,83.3
TB,3/18/2008,3,2008,3/2008,5,Ft. DeSoto,27.64463333,-82.72221667,9:17,1,20.8,34.4,Z,Z,Surface,1,100
TB,4/21/2008,4,2008,4/2008,1,Indian Key,27.69983333,-82.69508333,10:10,1.5,22.59,35.51,Z,Z,Surface,1.25,83.3
TB,4/21/2008,4,2008,4/2008,3,Tarpon Key,27.66,-82.68733333,9:55,2.5,23.27,35.48,Z,Z,Surface,2.25,90
TB,4/21/2008,4,2008,4/2008,5,Ft. DeSoto,27.64463333,-82.72221667,9:30,1.25,22.9,36.01,Z,Z,Surface,1.25,100
TB,5/20/2008,5,2008,5/2008,1,Indian Key,27.69983333,-82.69508333,10:49,1.25,26.51,35.73,Z,Z,Surface,0.5,40
TB,5/20/2008,5,2008,5/2008,3,Tarpon Key,27.66,-82.68733333,10:33,2,26.87,35.79,Z,Z,Surface,2,100
TB,5/20/2008,5,2008,5/2008,5,Ft. DeSoto,27.64463333,-82.72221667,10:05,1.5,26.95,36.04,Z,Z,Surface,1,66.7
TB,6/26/2008,6,2008,6/2008,1,Indian Key,27.69983333,-82.69508333,10:30,1,29.07,34.94,Z,Z,Surface,1,100
TB,6/26/2008,6,2008,6/2008,3,Tarpon Key,27.66,-82.68733333,10:12,2.5,28.9,35.2,Z,Z,Surface,1.5,60
TB,6/26/2008,6,2008,6/2008,5,Ft. DeSoto,27.64463333,-82.72221667,9:45,0.5,28.6,36.01,Z,Z,Surface,0.5,100
TB,7/23/2008,7,2008,7/2008,1,Indian Key,27.69983333,-82.69508333,10:53,1.5,31,33.7,Z,Z,Surface,0.5,33.3
TB,7/23/2008,7,2008,7/2008,3,Tarpon Key,27.66,-82.68733333,10:28,2.5,30.7,33.4,Z,Z,Surface,1.25,50
TB,7/23/2008,7,2008,7/2008,5,Ft. DeSoto,27.64463333,-82.72221667,9:58,1.5,31,34.2,Z,Z,Surface,1.25,83.3
TB,8/25/2008,8,2008,8/2008,1,Indian Key,27.69983333,-82.69508333,13:00,1.5,29.74,34.12,Z,Z,Surface,1.5,100
TB,8/25/2008,8,2008,8/2008,3,Tarpon Key,27.66,-82.68733333,13:38,2.75,29.72,33.34,Z,Z,Surface,2.5,90.9
TB,8/25/2008,8,2008,8/2008,5,Ft. DeSoto,27.64463333,-82.72221667,14:20,0.5,32.11,34.53,Z,Z,Surface,0.5,100
TB,9/22/2008,9,2008,9/2008,1,Indian Key,27.69983333,-82.69508333,10:30,2.2,28.7,33.61,Z,Z,Surface,1.8,81.8
TB,9/22/2008,9,2008,9/2008,3,Tarpon Key,27.66,-82.68733333,10:08,2.8,28.47,32.41,Z,Z,Surface,2,71.4
TB,9/22/2008,9,2008,9/2008,5,Ft. DeSoto,27.64463333,-82.72221667,9:42,1.1,28.31,35.04,Z,Z,Surface,1.1,100
TB,10/22/2008,10,2008,10/2008,1,Indian Key,27.69983333,-82.69508333,8:35,2,23.74,33.59,Z,Z,Surface,1.5,75
TB,10/22/2008,10,2008,10/2008,3,Tarpon Key,27.66,-82.68733333,9:38,2.75,23.43,32.99,Z,Z,Surface,2,72.7
TB,10/22/2008,10,2008,10/2008,5,Ft. DeSoto,27.64463333,-82.72221667,10:08,1,23.68,33.81,Z,Z,Surface,1,100
TB,11/19/2008,11,2008,11/2008,1,Indian Key,27.69983333,-82.69508333,10:55,1.2,16.34,33.9,Z,Z,Surface,1.2,100
TB,11/19/2008,11,2008,11/2008,3,Tarpon Key,27.66,-82.68733333,10:33,2,15.15,34.04,Z,Z,Surface,1.75,87.5
TB,11/19/2008,11,2008,11/2008,5,Ft. DeSoto,27.64463333,-82.72221667,9:59,0.5,15.02,34.11,Z,Z,Surface,0.5,100
TB,12/18/2008,12,2008,12/2008,1,Indian Key,27.69983333,-82.69508333,9:19,2.1,19.8,28.1,Z,Z,Surface,1.5,71.4
TB,12/18/2008,12,2008,12/2008,3,Tarpon Key,27.66,-82.68733333,10:06,2.7,19.4,28.3,Z,Z,Surface,2,74.1
TB,12/18/2008,12,2008,12/2008,5,Ft. DeSoto,27.64463333,-82.72221667,10:29,0.9,19.1,28.7,Z,Z,Surface,0.9,100
TB,1/21/2009,1,2009,1/2009,1,Indian Key,27.69983333,-82.69508333,11:13,2,12.9,36.6,Z,Z,Surface,2,100
TB,1/21/2009,1,2009,1/2009,3,Tarpon Key,27.66,-82.68733333,10:54,2.2,12,37,Z,Z,Surface,1.5,68.2
TB,1/21/2009,1,2009,1/2009,5,Ft. DeSoto,27.64463333,-82.72221667,10:09,0.5,14,36.8,Z,Z,Surface,0.25,50
TB,2/18/2009,2,2009,2/2009,1,Indian Key,27.69983333,-82.69508333,9:37,1.4,17.34,33.9,Z,Z,Surface,1.4,100
TB,2/18/2009,2,2009,2/2009,3,Tarpon Key,27.66,-82.68733333,9:12,2.5,17.53,33.99,Z,Z,Surface,2,80
TB,2/18/2009,2,2009,2/2009,5,Ft. DeSoto,27.64463333,-82.72221667,8:40,1,16.31,32.89,Z,Z,Surface,1,100
TB,3/17/2009,3,2009,3/2009,1,Indian Key,27.69983333,-82.69508333,12:00,1,23.5,32.86,Z,Z,Surface,1,100
TB,3/17/2009,3,2009,3/2009,3,Tarpon Key,27.66,-82.68733333,11:11,2.25,23.86,33.02,Z,Z,Surface,1.25,55.6
TB,3/17/2009,3,2009,3/2009,5,Ft. DeSoto,27.64463333,-82.72221667,10:55,0.8,23.16,32.99,Z,Z,Surface,0.8,100
TB,4/20/2009,4,2009,4/2009,1,Indian Key,27.69983333,-82.69508333,11:00,1.4,23.23,33.06,Z,Z,Surface,1.4,100
TB,4/20/2009,4,2009,4/2009,3,Tarpon Key,27.66,-82.68733333,10:45,2.25,22.99,33.28,Z,Z,Surface,1.5,66.7
TB,4/20/2009,4,2009,4/2009,5,Ft. DeSoto,27.64463333,-82.72221667,10:24,1.5,23,33.67,Z,Z,Surface,1.5,100
TB,5/28/2009,5,2009,5/2009,1,Indian Key,27.69983333,-82.69508333,9:25,1,27.38,34.5,Z,Z,Surface,1,100
TB,5/28/2009,5,2009,5/2009,3,Tarpon Key,27.66,-82.68733333,8:54,2.4,28.12,34.85,Z,Z,Surface,2,83.3
TB,5/28/2009,5,2009,5/2009,5,Ft. DeSoto,27.64463333,-82.72221667,8:30,0.9,27.85,35.35,Z,Z,Surface,0.9,100
TB,6/23/2009,6,2009,6/2009,1,Indian Key,27.69983333,-82.69508333,10:31,2.1,30.8,36.1,Z,Z,Surface,2.1,100
TB,6/23/2009,6,2009,6/2009,3,Tarpon Key,27.66,-82.68733333,10:13,2.4,31,36.2,Z,Z,Surface,2,83.3
TB,6/23/2009,6,2009,6/2009,5,Ft. DeSoto,27.64463333,-82.72221667,9:43,1,30.7,36.3,Z,Z,Surface,0.8,80
TB,7/24/2009,7,2009,7/2009,1,Indian Key,27.69983333,-82.69508333,9:30,1.1,31,33.3,Z,Z,Surface,1.1,100
TB,7/24/2009,7,2009,7/2009,3,Tarpon Key,27.66,-82.68733333,9:10,2.3,30.7,33,Z,Z,Surface,2,87
TB,7/24/2009,7,2009,7/2009,5,Ft. DeSoto,27.64463333,-82.72221667,8:47,0.9,30.8,34.3,Z,Z,Surface,0.9,100
TB,8/18/2009,8,2009,8/2009,1,Indian Key,27.69983333,-82.69508333,10:02,1.25,28.86,31.7,Z,Z,Surface,1.25,100
TB,8/18/2009,8,2009,8/2009,3,Tarpon Key,27.66,-82.68733333,9:46,2.5,28.96,32.35,Z,Z,Surface,2,80
TB,8/18/2009,8,2009,8/2009,5,Ft. DeSoto,27.64463333,-82.72221667,9:18,1.5,28.91,34.29,Z,Z,Surface,1.5,100
TB,9/16/2009,9,2009,9/2009,1,Indian Key,27.69983333,-82.69508333,8:18,2,29.2,32.1,Z,Z,Surface,2,100
TB,9/16/2009,9,2009,9/2009,3,Tarpon Key,27.66,-82.68733333,9:48,2.8,29.5,32,Z,Z,Surface,2,71.4
TB,9/16/2009,9,2009,9/2009,5,Ft. DeSoto,27.64463333,-82.72221667,9:25,2,29.3,34.2,Z,Z,Surface,2,100
TB,10/20/2009,10,2009,10/2009,1,Indian Key,27.69983333,-82.69508333,9:53,1.4,21.4,35.2,Z,Z,Surface,1.4,100
TB,10/20/2009,10,2009,10/2009,3,Tarpon Key,27.66,-82.68733333,9:30,2.5,20.2,33.7,Z,Z,Surface,2,80
TB,10/20/2009,10,2009,10/2009,5,Ft. DeSoto,27.64463333,-82.72221667,9:05,0.5,19.4,35.9,Z,Z,Surface,0.5,100
TB,11/19/2009,11,2009,11/2009,1,Indian Key,27.69983333,-82.69508333,11:07,2.6,22,33.1,Z,Z,Surface,2.5,96.2
TB,11/19/2009,11,2009,11/2009,3,Tarpon Key,27.66,-82.68733333,10:25,2.3,21.8,32.2,Z,Z,Surface,2,87
TB,11/19/2009,11,2009,11/2009,5,Ft. DeSoto,27.64463333,-82.72221667,9:49,0.8,21.7,33.2,Z,Z,Surface,0.8,100
TB,12/16/2009,12,2009,12/2009,1,Indian Key,27.69983333,-82.69508333,9:57,1.5,20.2,33.1,Z,Z,Surface,1.5,100
TB,12/16/2009,12,2009,12/2009,3,Tarpon Key,27.66,-82.68733333,9:18,2,21,32.6,Z,Z,Surface,2,100
TB,12/16/2009,12,2009,12/2009,5,Ft. DeSoto,27.64463333,-82.72221667,8:45,0.25,21,33.5,Z,Z,Surface,0.25,100
TB,1/14/2010,1,2010,1/2010,1,Indian,27.69983333,-82.69508333,12:00,1,10.8,32.9,Z,Z,Surface,1,100
TB,1/14/2010,1,2010,1/2010,3,Tarpon,27.66,-82.68733333,11:15,2.25,10.2,32.7,Z,Z,Surface,2,88.9
TB,1/14/2010,1,2010,1/2010,5,DeSoto,27.64463333,-82.72221667,9:55,0.65,10,33,Z,Z,Surface,0.65,100
TB,2/15/2010,2,2010,2/2010,1,Indian,27.69983333,-82.69508333,8:21,1.2,12.1,29.3,Z,Z,Surface,1.2,100
TB,2/15/2010,2,2010,2/2010,3,Tarpon,27.66,-82.68733333,9:39,2.5,11.9,31.7,Z,Z,Surface,2,80
TB,2/15/2010,2,2010,2/2010,5,DeSoto,27.64463333,-82.72221667,10:26,1,11.6,32.7,Z,Z,Surface,1,100
TB,3/15/2010,3,2010,3/2010,1,Indian,27.69983333,-82.69508333,10:50,1.5,17.8,31.1,Z,Z,Surface,1.5,100
TB,3/15/2010,3,2010,3/2010,3,Tarpon,27.66,-82.68733333,10:03,2.4,17.7,31.2,Z,Z,Surface,1,41.7
TB,3/15/2010,3,2010,3/2010,5,DeSoto,27.64463333,-82.72221667,9:01,0.8,17,32,Z,Z,Surface,0.8,100
TB,4/12/2010,4,2010,4/2010,1,Indian,27.69983333,-82.69508333,13:41,1.3,23.7,30.6,Z,Z,Surface,1.2,92.3
TB,4/12/2010,4,2010,4/2010,3,Tarpon,27.66,-82.68733333,18:00,2,24.2,29.4,Z,Z,Surface,1.8,90
TB,4/12/2010,4,2010,4/2010,5,DeSoto,27.64463333,-82.72221667,15:37,1,24,32.2,Z,Z,Surface,1,100
TB,5/12/2010,5,2010,5/2010,1,Indian,27.69983333,-82.69508333,10:40,1.75,26.7,32.1,Z,Z,Surface,1.25,71.4
TB,5/12/2010,5,2010,5/2010,3,Tarpon,27.66,-82.68733333,10:17,3,26.7,32.5,Z,Z,Surface,1,33.3
TB,5/12/2010,5,2010,5/2010,5,DeSoto,27.64463333,-82.72221667,9:56,1.5,26.4,34.2,Z,Z,Surface,1.5,100
TB,6/9/2010,6,2010,6/2010,1,Indian,27.69983333,-82.69508333,10:26,2,29.3,32.9,Z,Z,Surface,1.5,75
TB,6/9/2010,6,2010,6/2010,3,Tarpon,27.66,-82.68733333,10:08,3.25,29.9,33.3,Z,Z,Surface,1.25,38.5
TB,6/9/2010,6,2010,6/2010,5,DeSoto,27.64463333,-82.72221667,9:31,1.5,29.5,34.4,Z,Z,Surface,1.5,100
TB,7/13/2010,7,2010,7/2010,1,Indian,27.69983333,-82.69508333,10:51,2,30.8,32.8,Z,Z,Surface,1.9,95
TB,7/13/2010,7,2010,7/2010,3,Tarpon,27.66,-82.68733333,10:29,2.5,31.1,33.7,Z,Z,Surface,2,80
TB,7/13/2010,7,2010,7/2010,5,DeSoto,27.64463333,-82.72221667,9:59,1,30.7,33.9,Z,Z,Surface,1,100
TB,8/12/2010,8,2010,8/2010,1,Indian,27.69983333,-82.69508333,11:10,1.5,29.2,29.9,Z,Z,Surface,1.25,83.3
TB,8/12/2010,8,2010,8/2010,3,Tarpon,27.66,-82.68733333,10:05,2.75,29.1,30.1,Z,Z,Surface,1.25,45.5
TB,8/12/2010,8,2010,8/2010,5,DeSoto,27.64463333,-82.72221667,10:55,1.25,29.2,31.7,Z,Z,Surface,1.25,100
TB,9/16/2010,9,2010,9/2010,1,Indian,27.69983333,-82.69508333,10:55,1.5,28.5,30.3,Z,Z,Surface,1.25,83.3
TB,9/16/2010,9,2010,9/2010,3,Tarpon,27.66,-82.68733333,10:35,3,28.9,28.5,Z,Z,Surface,1.25,41.7
TB,9/16/2010,9,2010,9/2010,5,DeSoto,27.64463333,-82.72221667,10:05,1.1,28.4,31.5,Z,Z,Surface,1.1,100
TB,10/12/2010,10,2010,10/2010,1,Indian,27.69983333,-82.69508333,11:15,1,25.9,30.9,Z,Z,Surface,1,100
TB,10/12/2010,10,2010,10/2010,3,Tarpon,27.66,-82.68733333,10:15,2.25,25.6,30.4,Z,Z,Surface,1.75,77.8
TB,10/12/2010,10,2010,10/2010,5,DeSoto,27.64463333,-82.72221667,9:55,0.7,25.4,32.3,Z,Z,Surface,0.7,100
TB,11/10/2010,11,2010,11/2010,1,Indian,27.69983333,-82.69508333,11:35,1.25,20.1,33.1,Z,Z,Surface,1.25,100
TB,11/10/2010,11,2010,11/2010,3,Tarpon,27.66,-82.68733333,11:15,2.25,19.3,32.7,Z,Z,Surface,2,88.9
TB,11/10/2010,11,2010,11/2010,5,DeSoto,27.64463333,-82.72221667,10:50,0.75,19,33.3,Z,Z,Surface,0.75,100
TB,12/14/2010,12,2010,12/2010,1,Indian,27.69983333,-82.69508333,11:35,1,10.4,33.2,Z,Z,Surface,1,100
TB,12/14/2010,12,2010,12/2010,3,Tarpon,27.66,-82.68733333,11:00,2,10.1,32.5,Z,Z,Surface,1,50
TB,12/14/2010,12,2010,12/2010,5,DeSoto,27.64463333,-82.72221667,10:15,0.75,9.4,32.8,Z,Z,Surface,0.75,100
TB,1/14/2011,1,2011,1/2011,1,Indian,27.69983333,-82.69508333,10:41,1.2,10.6,32.9,Z,Z,Surface,1.2,100
TB,1/14/2011,1,2011,1/2011,3,Tarpon,27.66,-82.68733333,9:35,2.25,10.5,33.2,Z,Z,Surface,1.5,66.7
TB,1/14/2011,1,2011,1/2011,5,DeSoto,27.64463333,-82.72221667,8:13,1,10.9,31.9,Z,Z,Surface,1,100
TB,2/8/2011,2,2011,2/2011,1,Indian,27.69983333,-82.69508333,10:35,1,16.4,32.2,Z,Z,Surface,1,100
TB,2/8/2011,2,2011,2/2011,3,Tarpon,27.66,-82.68733333,10:20,2,17.3,32.2,Z,Z,Surface,1.5,75
TB,2/8/2011,2,2011,2/2011,5,DeSoto,27.64463333,-82.72221667,9:30,0.25,17,32,Z,Z,Surface,0.25,100
TB,3/17/2011,3,2011,3/2011,1,Indian,27.69983333,-82.69508333,9:18,1,20.6,33.4,Z,Z,Surface,1,100
TB,3/17/2011,3,2011,3/2011,3,Tarpon,27.66,-82.68733333,9:06,2.25,20.9,32.8,Z,Z,Surface,2,88.9
TB,3/17/2011,3,2011,3/2011,5,DeSoto,27.64463333,-82.72221667,8:45,0.5,21,34,Z,Z,Surface,0.5,100
TB,4/12/2011,4,2011,4/2011,1,Indian,27.69983333,-82.69508333,11:46,2,26.5,32.9,Z,Z,Surface,1.75,87.5
TB,4/12/2011,4,2011,4/2011,3,Tarpon,27.66,-82.68733333,11:11,2.5,25.9,32.3,Z,Z,Surface,1.5,60
TB,4/12/2011,4,2011,4/2011,5,DeSoto,27.64463333,-82.72221667,10:38,1.4,25.3,33.7,Z,Z,Surface,1.4,100
TB,5/13/2011,5,2011,5/2011,1,Indian,27.69983333,-82.69508333,10:20,1.75,27.8,33,Z,Z,Surface,1.75,100
TB,5/13/2011,5,2011,5/2011,3,Tarpon,27.66,-82.68733333,10:03,2.75,28,33.4,Z,Z,Surface,2.5,90.9
TB,5/13/2011,5,2011,5/2011,5,DeSoto,27.64463333,-82.72221667,9:48,1.5,27.6,34,Z,Z,Surface,1.5,100
TB,6/16/2011,6,2011,6/2011,1,Indian,27.69983333,-82.69508333,9:49,2,29.3,35.1,Z,Z,Surface,1,50
TB,6/16/2011,6,2011,6/2011,3,Tarpon,27.66,-82.68733333,9:34,3,30,35.2,Z,Z,Surface,2,66.7
TB,6/16/2011,6,2011,6/2011,5,DeSoto,27.64463333,-82.72221667,9:13,1,29.7,35.7,Z,Z,Surface,1,100
TB,7/20/2011,7,2011,7/2011,1,Indian,27.69983333,-82.69508333,8:00,1.25,29.7,36.6,Z,Z,Surface,1,80
TB,7/20/2011,7,2011,7/2011,3,Tarpon,27.66,-82.68733333,8:07,2.75,30.4,34.8,Z,Z,Surface,1.75,63.6
TB,7/20/2011,7,2011,7/2011,5,DeSoto,27.64463333,-82.72221667,8:19,1,30.2,36,Z,Z,Surface,1,100
TB,8/15/2011,8,2011,8/2011,1,Indian,27.69983333,-82.69508333,14:24,1.75,31.8,33.7,Z,Z,Surface,1.5,85.7
TB,8/15/2011,8,2011,8/2011,3,Tarpon,27.66,-82.68733333,13:45,2.2,31.7,34.3,Z,Z,Surface,1.75,79.5
TB,8/15/2011,8,2011,8/2011,5,DeSoto,27.64463333,-82.72221667,12:06,1.2,31.3,35.1,Z,Z,Surface,1.2,100
TB,9/15/2011,9,2011,9/2011,1,Indian,27.69983333,-82.69508333,13:19,2,29.9,32.2,Z,Z,Surface,1.5,75
TB,9/15/2011,9,2011,9/2011,3,Tarpon,27.66,-82.68733333,12:49,1.8,29.4,32,Z,Z,Surface,1.5,83.3
TB,9/15/2011,9,2011,9/2011,5,DeSoto,27.64463333,-82.72221667,12:16,1,29.3,33.8,Z,Z,Surface,1,100
TB,10/20/2011,10,2011,10/2011,1,Indian,27.69983333,-82.69508333,8:52,1.75,21,31.7,Z,Z,Surface,1.75,100
TB,10/20/2011,10,2011,10/2011,3,Tarpon,27.66,-82.68733333,9:11,2.75,21.5,31.9,Z,Z,Surface,1.75,63.6
TB,10/20/2011,10,2011,10/2011,5,DeSoto,27.64463333,-82.72221667,9:26,0.8,21.1,33.3,Z,Z,Surface,0.8,100
TB,11/17/2011,11,2011,11/2011,1,Indian,27.69983333,-82.69508333,12:58,1.5,22.8,31.4,Z,Z,Surface,1.5,100
TB,11/17/2011,11,2011,11/2011,3,Tarpon,27.66,-82.68733333,12:30,2.1,22.8,31.2,Z,Z,Surface,2.1,100
TB,11/17/2011,11,2011,11/2011,5,DeSoto,27.64463333,-82.72221667,11:30,1,23.2,32.9,Z,Z,Surface,1,100
TB,12/15/2011,12,2011,12/2011,1,Indian,27.69983333,-82.69508333,14:36,1,20.8,31.7,Z,Z,Surface,0.5,50
TB,12/15/2011,12,2011,12/2011,3,Tarpon,27.66,-82.68733333,13:26,1.5,20,30.6,Z,Z,Surface,1.25,83.3
TB,12/15/2011,12,2011,12/2011,5,DeSoto,27.64463333,-82.72221667,12:20,0.75,19.8,32.1,Z,Z,Surface,0.75,100
TB,1/18/2012,1,2012,1/2012,1,Indian,27.69983333,-82.69508333,13:56,2.5,17.4,30.6,Z,Z,Surface,1.5,60
TB,1/18/2012,1,2012,1/2012,3,Tarpon,27.66,-82.68733333,13:05,3,17.3,30.5,Z,Z,Surface,2.5,83.3
TB,1/18/2012,1,2012,1/2012,5,DeSoto,27.64463333,-82.72221667,12:40,1,18,31.2,Z,Z,Surface,1,100
TB,2/22/2012,2,2012,2/2012,1,Indian,27.69983333,-82.69508333,15:05,1.5,21.2,31.6,Z,Z,Surface,0.5,33.3
TB,2/22/2012,2,2012,2/2012,3,Tarpon,27.66,-82.68733333,14:27,2.8,20.6,31.8,Z,Z,Surface,1.5,53.6
TB,2/22/2012,2,2012,2/2012,5,DeSoto,27.64463333,-82.72221667,12:38,1.7,21,32.3,Z,Z,Surface,1.7,100
TB,3/21/2012,3,2012,3/2012,1,Indian,27.69983333,-82.69508333,16:16,1.75,25.9,32,Z,Z,Surface,0.75,42.9
TB,3/21/2012,3,2012,3/2012,3,Tarpon,27.66,-82.68733333,15:10,3,24.5,32.8,Z,Z,Surface,1.75,58.3
TB,3/21/2012,3,2012,3/2012,5,DeSoto,27.64463333,-82.72221667,13:57,1.75,24.2,33.5,Z,Z,Surface,1.75,100
TB,4/20/2012,4,2012,4/2012,1,Indian,27.69983333,-82.69508333,10:07,1.5,25,29.9,Z,Z,Surface,1,66.7
TB,4/20/2012,4,2012,4/2012,3,Tarpon,27.66,-82.68733333,9:21,2.75,24.7,33.7,Z,Z,Surface,2,72.7
TB,4/20/2012,4,2012,4/2012,5,DeSoto,27.64463333,-82.72221667,8:22,2,24.6,34.3,Z,Z,Surface,2,100
TB,5/15/2012,5,2012,5/2012,1,Indian,27.69983333,-82.69508333,13:16,1.25,28.4,34.7,Z,Z,Surface,1,80
TB,5/15/2012,5,2012,5/2012,3,Tarpon,27.66,-82.68733333,12:46,2.75,27.3,35,Z,Z,Surface,2,72.7
TB,5/15/2012,5,2012,5/2012,5,DeSoto,27.64463333,-82.72221667,12:02,0.75,27.6,35.6,Z,Z,Surface,0.75,100
TB,6/19/2012,6,2012,6/2012,1,Indian,27.69983333,-82.69508333,14:48,1.75,28.5,33.7,Z,Z,Surface,1.5,85.7
TB,6/19/2012,6,2012,6/2012,3,Tarpon,27.66,-82.68733333,14:16,3,28.1,32.1,Z,Z,Surface,1.5,50
TB,6/19/2012,6,2012,6/2012,5,DeSoto,27.64463333,-82.72221667,13:28,1.75,28.2,34.4,Z,Z,Surface,1.5,85.7
TB,7/24/2012,7,2012,7/2012,1,Indian,27.69983333,-82.69508333,14:05,2,30.2,30,Z,Z,Surface,1.25,62.5
TB,7/24/2012,7,2012,7/2012,3,Tarpon,27.66,-82.68733333,13:37,3,29.7,29.4,Z,Z,Surface,1.5,50
TB,7/24/2012,7,2012,7/2012,5,DeSoto,27.64463333,-82.72221667,12:50,1,29.5,30.5,Z,Z,Surface,1,100
TB,8/15/2012,8,2012,8/2012,1,Indian,27.69983333,-82.69508333,14:12,2,32.5,30.5,Z,Z,Surface,1.25,62.5
TB,8/15/2012,8,2012,8/2012,3,Tarpon,27.66,-82.68733333,13:36,3.25,31.6,30.6,Z,Z,Surface,1.5,46.2
TB,8/15/2012,8,2012,8/2012,5,DeSoto,27.64463333,-82.72221667,12:43,3,32,33.3,Z,Z,Surface,2,66.7
TB,9/17/2012,9,2012,9/2012,1,Indian,27.69983333,-82.69508333,13:25,1.75,29.6,27.7,Z,Z,Surface,1.25,71.4
TB,9/17/2012,9,2012,9/2012,3,Tarpon,27.66,-82.68733333,12:51,3,28.3,28.1,Z,Z,Surface,1.25,41.7
TB,9/17/2012,9,2012,9/2012,5,DeSoto,27.64463333,-82.72221667,12:04,1,28.2,31.2,Z,Z,Surface,1,100
TB,10/18/2012,10,2012,10/2012,1,Indian,27.69983333,-82.69508333,14:09,1.25,27.9,29.4,Z,Z,Surface,1,80
TB,10/18/2012,10,2012,10/2012,3,Tarpon,27.66,-82.68733333,13:31,2.9,26.7,28.9,Z,Z,Surface,1.9,65.5
TB,10/18/2012,10,2012,10/2012,5,DeSoto,27.64463333,-82.72221667,12:41,2,26.5,30,Z,Z,Surface,2,100
TB,11/15/2012,11,2012,11/2012,1,Indian,27.69983333,-82.69508333,13:30,Z,21.4,30.6,Z,Z,Surface,Z,Z
TB,11/15/2012,11,2012,11/2012,3,Tarpon,27.66,-82.68733333,13:00,2.75,21.3,29.8,Z,Z,Surface,2,72.7
TB,11/15/2012,11,2012,11/2012,5,DeSoto,27.64463333,-82.72221667,12:13,2,21.1,31.7,Z,Z,Surface,2,100
TB,12/12/2012,12,2012,12/2012,1,Indian,27.69983333,-82.69508333,12:50,1.25,22.7,30.3,Z,Z,Surface,1.25,100
TB,12/12/2012,12,2012,12/2012,3,Tarpon,27.66,-82.68733333,12:35,2.75,22.5,30.5,Z,Z,Surface,2.75,100
TB,12/12/2012,12,2012,12/2012,5,DeSoto,27.64463333,-82.72221667,11:50,0.7,21.7,32.1,Z,Z,Surface,0.7,100
TB,1/16/2013,1,2013,1/2013,1,Indian,27.69983333,-82.69508333,13:20,1.5,22.4,33.8,Z,Z,Surface,1.5,100
TB,1/16/2013,1,2013,1/2013,3,Tarpon,27.66,-82.68733333,12:31,2.5,21.9,33.4,Z,Z,Surface,1.5,60
TB,1/16/2013,1,2013,1/2013,5,DeSoto,27.64463333,-82.72221667,11:13,0.5,21.6,34.5,Z,Z,Surface,0.5,100
TB,2/15/2013,2,2013,2/2013,1,Indian,27.69983333,-82.69508333,8:13,1.75,20,34.6,Z,Z,Surface,1.5,85.7
TB,2/15/2013,2,2013,2/2013,3,Tarpon,27.66,-82.68733333,9:06,2.25,19.9,34.1,Z,Z,Surface,1.75,77.8
TB,2/15/2013,2,2013,2/2013,5,DeSoto,27.64463333,-82.72221667,10:05,0.7,19.4,35,Z,Z,Surface,0.7,100
TB,3/15/2013,3,2013,3/2013,1,Indian,27.69983333,-82.69516667,14:30,1.5,18,35.5,Z,Z,Surface,1.25,83.3
TB,3/15/2013,3,2013,3/2013,3,Tarpon,27.65966667,-82.686,13:57,1.75,17.2,35.8,Z,Z,Surface,1.5,85.7
TB,3/15/2013,3,2013,3/2013,5,DeSoto,27.64466667,-82.72216667,13:06,2.25,17,35.7,Z,Z,Surface,2,88.9
TB,4/8/2013,4,2013,4/2013,1,Indian,27.69983333,-82.69516667,13:52,1.5,23.2,35,Z,Z,Surface,1,66.7
TB,4/8/2013,4,2013,4/2013,3,Tarpon,27.65966667,-82.686,13:16,3,23.1,34.9,Z,Z,Surface,2,66.7
TB,4/8/2013,4,2013,4/2013,5,DeSoto,27.64466667,-82.72216667,12:35,2,22.8,35.8,Z,Z,Surface,2,100
TB,5/15/2013,5,2013,5/2013,1,Indian,27.69983333,-82.69516667,12:03,1.5,25.8,33.3,Z,Z,Surface,1.25,83.3
TB,5/15/2013,5,2013,5/2013,3,Tarpon,27.65966667,-82.686,11:31,2.5,24.8,32.6,Z,Z,Surface,2,80
TB,5/15/2013,5,2013,5/2013,5,DeSoto,27.64466667,-82.72216667,10:53,0.75,25,34.2,Z,Z,Surface,0.75,100
TB,6/19/2013,6,2013,6/2013,1,Indian,27.69983333,-82.69516667,12:07,1.5,31.8,33.8,Z,Z,Surface,1.5,100
TB,6/19/2013,6,2013,6/2013,3,Tarpon,27.65966667,-82.686,11:34,2.75,31.7,34,Z,Z,Surface,1.25,45.5
TB,6/19/2013,6,2013,6/2013,5,DeSoto,27.64466667,-82.72216667,10:58,1,31.3,34.6,Z,Z,Surface,1,100
TB,7/19/2013,7,2013,7/2013,1,Indian,27.69983333,-82.69516667,13:05,2,28.8,29.3,Z,Z,Surface,1.5,75
TB,7/19/2013,7,2013,7/2013,3,Tarpon,27.65966667,-82.686,12:43,3,28.1,28.1,Z,Z,Surface,1.75,58.3
TB,7/19/2013,7,2013,7/2013,5,DeSoto,27.64466667,-82.72216667,11:39,1,28.2,30,Z,Z,Surface,1,100
TB,8/20/2013,8,2013,8/2013,1,Indian,27.69983333,-82.69516667,12:35,2,31,31.4,Z,Z,Surface,1.25,62.5
TB,8/20/2013,8,2013,8/2013,3,Tarpon,27.65966667,-82.686,12:19,3,30.2,34.1,Z,Z,Surface,1.5,50
TB,8/20/2013,8,2013,8/2013,5,DeSoto,27.64466667,-82.72216667,11:27,1.25,30.1,34,Z,Z,Surface,1.25,100
TB,9/20/2013,9,2013,9/2013,1,Indian,27.69983333,-82.69516667,12:33,2,29.2,30.6,Z,Z,Surface,2,100
TB,9/20/2013,9,2013,9/2013,3,Tarpon,27.65966667,-82.686,12:17,3,28.6,30.2,Z,Z,Surface,2.25,75
TB,9/20/2013,9,2013,9/2013,5,DeSoto,27.64466667,-82.72216667,11:35,1.75,28.5,32.9,Z,Z,Surface,1.75,100
TB,10/15/2013,10,2013,10/2013,1,Indian,27.69983333,-82.69516667,13:38,1.75,27.6,33.4,Z,Z,Surface,1.75,100
TB,10/15/2013,10,2013,10/2013,3,Tarpon,27.65966667,-82.686,13:20,3.25,26.3,32.2,Z,Z,Surface,2.75,84.6
TB,10/15/2013,10,2013,10/2013,5,DeSoto,27.64466667,-82.72216667,12:39,1,26.8,33.8,Z,Z,Surface,1,100
TB,11/20/2013,11,2013,11/2013,1,Indian,27.69983333,-82.69516667,12:51,1.6,22.9,33.5,Z,Z,Surface,1.6,100
TB,11/20/2013,11,2013,11/2013,3,Tarpon,27.65966667,-82.686,12:36,3,23,32.2,Z,Z,Surface,2.5,83.3
TB,11/20/2013,11,2013,11/2013,5,DeSoto,27.64466667,-82.72216667,11:58,0.8,23,33.8,Z,Z,Surface,0.8,100
TB,12/19/2013,12,2013,12/2013,1,Indian,27.69983333,-82.69516667,13:35,1.25,19,32.1,Z,Z,Surface,1.25,100
TB,12/19/2013,12,2013,12/2013,3,Tarpon,27.65966667,-82.686,13:15,1.75,18.6,33.6,Z,Z,Surface,1.75,100
TB,12/19/2013,12,2013,12/2013,5,DeSoto,27.64466667,-82.72216667,12:29,2.5,18,32.8,Z,Z,Surface,2.5,100
TB,1/28/2014,1,2014,1/2014,1,Indian,27.69983333,-82.69516667,13:14,1.75,17.3,31.3,Z,Z,Surface,1.75,100
TB,1/28/2014,1,2014,1/2014,3,Tarpon,27.65966667,-82.686,12:54,2.75,17.6,30.9,Z,Z,Surface,2.5,90.9
TB,1/28/2014,1,2014,1/2014,5,DeSoto,27.64466667,-82.72216667,12:15,1,16.8,32.5,Z,Z,Surface,1,100
TB,2/19/2014,2,2014,2/2014,1,Indian,27.69983333,-82.69516667,12:47,1.5,19.3,31.2,Z,Z,Surface,1.5,100
TB,2/19/2014,2,2014,2/2014,3,Tarpon,27.65966667,-82.686,12:27,2.75,18.8,31.3,Z,Z,Surface,1.5,54.5
TB,2/19/2014,2,2014,2/2014,5,DeSoto,27.64466667,-82.72216667,11:49,1,18.7,32.1,Z,Z,Surface,1,100
TB,3/19/2014,3,2014,3/2014,1,Indian,27.69983333,-82.69516667,13:42,1.25,21.7,32,Z,Z,Surface,1.25,100
TB,3/19/2014,3,2014,3/2014,3,Tarpon,27.65966667,-82.686,13:24,2.75,21.6,32.1,Z,Z,Surface,1.5,54.5
TB,3/19/2014,3,2014,3/2014,5,DeSoto,27.64466667,-82.72216667,12:49,2,20.5,33.3,Z,Z,Surface,2,100
TB,4/25/2014,4,2014,4/2014,1,Indian,27.69983333,-82.69516667,13:30,1,25.9,33.4,Z,Z,Surface,1,100
TB,4/25/2014,4,2014,4/2014,3,Tarpon,27.65966667,-82.686,12:55,3,24.7,34.1,Z,Z,Surface,3,100
TB,4/25/2014,4,2014,4/2014,5,DeSoto,27.64466667,-82.72216667,12:05,2,26,33.9,Z,Z,Surface,2,100
TB,5/19/2014,5,2014,5/2014,1,Indian,27.69983333,-82.69516667,13:42,1,25.8,32.4,Z,Z,Surface,1,100
TB,5/19/2014,5,2014,5/2014,3,Tarpon,27.65966667,-82.686,12:52,3,25,31.7,Z,Z,Surface,2,66.7
TB,5/19/2014,5,2014,5/2014,5,DeSoto,27.64466667,-82.72216667,11:46,1,24.9,33.9,Z,Z,Surface,1,100
TB,6/20/2014,6,2014,6/2014,1,Indian,27.69983333,-82.69516667,14:01,0.75,31.1,33.3,Z,Z,Surface,0.75,100
TB,6/20/2014,6,2014,6/2014,3,Tarpon,27.65966667,-82.686,12:56,2,30.3,32.5,Z,Z,Surface,1.75,87.5
TB,6/20/2014,6,2014,6/2014,5,DeSoto,27.64466667,-82.72216667,11:17,1,30.3,34,Z,Z,Surface,1,100
TB,7/24/2014,7,2014,7/2014,1,Indian,27.69983333,-82.69516667,13:23,1.25,32,34.9,Z,Z,Surface,1,80
TB,7/24/2014,7,2014,7/2014,3,Tarpon,27.65966667,-82.686,11:57,3,31.9,35.1,Z,Z,Surface,1.5,50
TB,7/24/2014,7,2014,7/2014,5,DeSoto,27.64466667,-82.72216667,11:09,0.75,31.8,35.2,Z,Z,Surface,0.75,100
TB,8/18/2014,8,2014,8/2014,1,Indian,27.69983333,-82.69516667,12:20,1.25,31.5,33.8,Z,Z,Surface,1.25,100
TB,8/18/2014,8,2014,8/2014,3,Tarpon,27.65966667,-82.686,11:43,2.75,30.8,31.6,Z,Z,Surface,2,72.7
TB,8/18/2014,8,2014,8/2014,5,DeSoto,27.64466667,-82.72216667,11:32,0.85,31.5,34.9,Z,Z,Surface,0.85,100
TB,9/15/2014,9,2014,9/2014,1,Indian,27.69983333,-82.69516667,12:35,1,30.3,31.9,Z,Z,Surface,1,100
TB,9/15/2014,9,2014,9/2014,3,Tarpon,27.65966667,-82.686,12:07,2.5,29.3,31.6,Z,Z,Surface,1.5,60
TB,9/15/2014,9,2014,9/2014,5,DeSoto,27.64466667,-82.72216667,11:55,1,29.7,34.8,Z,Z,Surface,1,100
TB,10/15/2014,10,2014,10/2014,1,Indian,27.69983333,-82.69516667,9:46,1.5,26.9,28.7,Z,Z,Surface,1.5,100
TB,10/15/2014,10,2014,10/2014,3,Tarpon,27.65966667,-82.686,9:09,3,26.7,28,Z,Z,Surface,2,66.7
TB,10/15/2014,10,2014,10/2014,5,DeSoto,27.64466667,-82.72216667,8:35,1,26.7,28.9,Z,Z,Surface,1,100
TB,11/17/2014,11,2014,11/2014,1,Indian,27.69983333,-82.69516667,12:19,1.5,21.2,31.2,Z,Z,Surface,1.5,100
TB,11/17/2014,11,2014,11/2014,3,Tarpon,27.65966667,-82.686,11:58,4.5,20.9,31.1,Z,Z,Surface,4.5,100
TB,11/17/2014,11,2014,11/2014,5,DeSoto,27.64466667,-82.72216667,11:46,1,21,32.6,Z,Z,Surface,1,100
TB,12/15/2014,12,2014,12/2014,1,Indian,27.69983333,-82.69516667,12:26,1,17,31.7,Z,Z,Surface,1,100
TB,12/15/2014,12,2014,12/2014,3,Tarpon,27.65966667,-82.686,12:13,2.75,16.6,29.6,Z,Z,Surface,2.75,100
TB,12/15/2014,12,2014,12/2014,5,DeSoto,27.64466667,-82.72216667,12:02,1,16.7,33.3,Z,Z,Surface,1,100
TB,1/20/2015,1,2015,1/2015,1,Indian,27.69983333,-82.69516667,12:04,1.5,17.3,31.3,Z,Z,Surface,1.5,100
TB,1/20/2015,1,2015,1/2015,3,Tarpon,27.65966667,-82.686,11:50,3.25,17.1,31,Z,Z,Surface,2.5,76.9
TB,1/20/2015,1,2015,1/2015,5,DeSoto,27.64466667,-82.72216667,11:40,1,17,32.9,Z,Z,Surface,1,100
TB,2/20/2015,2,2015,2/2015,1,Indian,27.69983333,-82.69516667,8:45,0.8,13,29.4,Z,Z,Surface,0.8,100
TB,2/20/2015,2,2015,2/2015,3,Tarpon,27.65966667,-82.686,9:10,2.1,13,30.2,Z,Z,Surface,1.5,71.4
TB,2/20/2015,2,2015,2/2015,5,DeSoto,27.64466667,-82.72216667,9:31,0.8,12.4,32,Z,Z,Surface,0.5,62.5
TB,3/18/2015,3,2015,3/2015,1,Indian,27.69983333,-82.69516667,12:07,1.6,24.2,31.6,Z,Z,Surface,1,62.5
TB,3/18/2015,3,2015,3/2015,3,Tarpon,27.65966667,-82.686,11:52,1.5,24.1,32.1,Z,Z,Surface,1.25,83.3
TB,3/18/2015,3,2015,3/2015,5,DeSoto,27.64466667,-82.72216667,11:31,0.8,23.5,33.1,Z,Z,Surface,0.8,100
TB,4/23/2015,4,2015,4/2015,1,Indian,27.69983333,-82.69516667,12:35,2.1,27.5,31.6,Z,Z,Surface,2.1,100
TB,4/23/2015,4,2015,4/2015,3,Tarpon,27.65966667,-82.686,12:04,1.5,27.4,32.8,Z,Z,Surface,1.5,100
TB,4/23/2015,4,2015,4/2015,5,DeSoto,27.64466667,-82.72216667,11:31,0.85,27.5,33.5,Z,Z,Surface,0.85,100
TB,5/19/2015,5,2015,5/2015,1,Indian,27.69983333,-82.69516667,13:19,1.8,29.2,34.5,Z,Z,Surface,1.8,100
TB,5/19/2015,5,2015,5/2015,3,Tarpon,27.65966667,-82.686,13:08,1.9,29,35,Z,Z,Surface,1.9,100
TB,5/19/2015,5,2015,5/2015,5,DeSoto,27.64466667,-82.72216667,12:59,1,29.6,36.3,Z,Z,Surface,1,100
TB,6/17/2015,6,2015,6/2015,1,Indian,27.69983333,-82.69516667,12:28,2,31.3,35.5,Z,Z,Surface,2,100
TB,6/17/2015,6,2015,6/2015,3,Tarpon,27.65966667,-82.686,12:12,3,30.8,36.4,Z,Z,Surface,2.5,83.3
TB,6/17/2015,6,2015,6/2015,5,DeSoto,27.64466667,-82.72216667,11:59,1,30.9,37.1,Z,Z,Surface,1,100
TB,7/15/2015,7,2015,7/2015,1,Indian,27.69983333,-82.69516667,10:08,2,29.7,36.5,Z,Z,Surface,1.5,75
TB,7/15/2015,7,2015,7/2015,3,Tarpon,27.65966667,-82.686,9:28,2.5,29.8,35.9,Z,Z,Surface,1.25,50
TB,7/15/2015,7,2015,7/2015,5,DeSoto,27.64466667,-82.72216667,8:49,0.9,30,37.3,Z,Z,Surface,0.9,100
TB,8/19/2015,8,2015,8/2015,1,Indian,27.69983333,-82.69516667,12:46,1.3,31.6,27.6,Z,Z,Surface,1.1,84.6
TB,8/19/2015,8,2015,8/2015,3,Tarpon,27.65966667,-82.686,12:30,1.7,30.6,26.3,Z,Z,Surface,1.7,100
TB,8/19/2015,8,2015,8/2015,5,DeSoto,27.64466667,-82.72216667,12:16,0.5,30.9,28.7,Z,Z,Surface,0.5,100
TB,9/15/2015,9,2015,9/2015,1,Indian,27.69983333,-82.69516667,10:24,1.25,28.9,28.6,Z,Z,Surface,1.25,100
TB,9/15/2015,9,2015,9/2015,3,Tarpon,27.65966667,-82.686,9:28,2,28.5,26.6,Z,Z,Surface,1.5,75
TB,9/15/2015,9,2015,9/2015,5,DeSoto,27.64466667,-82.72216667,8:30,0.5,28,30,Z,Z,Surface,0.5,100
TB,10/23/2015,10,2015,10/2015,1,Indian,27.69983333,-82.69516667,10:34,2,24.5,30.7,Z,Z,Surface,2,100
TB,10/23/2015,10,2015,10/2015,3,Tarpon,27.65966667,-82.686,9:49,2.8,24.4,29.9,Z,Z,Surface,2.8,100
TB,10/23/2015,10,2015,10/2015,5,DeSoto,27.64466667,-82.72216667,8:33,1.5,24.3,31.7,Z,Z,Surface,1.5,100
TB,12/1/2015,12,2015,12/2015,1,Indian,27.69983333,-82.69516667,8:50,1.4,22,29.2,Z,Z,Surface,1.4,100
TB,12/1/2015,12,2015,12/2015,3,Tarpon,27.65966667,-82.686,9:25,2,22.1,28.3,Z,Z,Surface,2,100
TB,12/1/2015,12,2015,12/2015,5,DeSoto,27.64466667,-82.72216667,9:58,1,22.4,30.2,Z,Z,Surface,1,100
TB,12/16/2015,12,2015,12/2015,1,Indian,27.69983333,-82.69516667,10:26,1.4,23.4,33.4,Z,Z,Surface,1.4,100
TB,12/16/2015,12,2015,12/2015,3,Tarpon,27.65966667,-82.686,9:48,1.2,22.9,32.9,Z,Z,Surface,1.2,100
TB,12/16/2015,12,2015,12/2015,5,DeSoto,27.64466667,-82.72216667,8:41,1.5,23.2,34.7,Z,Z,Surface,1.5,100
TB,1/25/2016,1,2016,1/2016,1,Indian,27.69983333,-82.69516667,9:59,1.2,13.3,28.6,Z,Z,Surface,1.2,100
TB,1/25/2016,1,2016,1/2016,3,Tarpon,27.65966667,-82.686,9:43,1.3,12.9,27.6,Z,Z,Surface,1.3,100
TB,1/25/2016,1,2016,1/2016,5,DeSoto,27.64466667,-82.72216667,9:15,1.2,12.9,19.3,Z,Z,Surface,1,83.3
TB,2/19/2016,2,2016,2/2016,1,Indian,27.69983333,-82.69516667,9:13,1.2,16.2,31.1,Z,Z,Surface,1.2,100
TB,2/19/2016,2,2016,2/2016,3,Tarpon,27.65966667,-82.686,8:53,1.9,16.9,30.1,Z,Z,Surface,1.5,78.9
TB,2/19/2016,2,2016,2/2016,5,DeSoto,27.64466667,-82.72216667,8:08,1.5,17,31.2,Z,Z,Surface,1,66.7
TB,3/17/2016,3,2016,3/2016,1,Indian,27.69983333,-82.69516667,11:49,1,24.6,31.2,Z,Z,Surface,1,100
TB,3/17/2016,3,2016,3/2016,3,Tarpon,27.65966667,-82.686,11:35,2.3,24.2,30.9,Z,Z,Surface,1.8,78.3
TB,3/17/2016,3,2016,3/2016,5,DeSoto,27.64466667,-82.72216667,11:18,2.25,24,32.3,Z,Z,Surface,2,88.9
TB,4/20/2016,4,2016,4/2016,1,Indian,27.69983333,-82.69516667,10:46,1.4,23.4,31.3,Z,Z,Surface,1.4,100
TB,4/20/2016,4,2016,4/2016,3,Tarpon,27.65966667,-82.686,10:28,2.4,23.4,32.7,Z,Z,Surface,1,41.7
TB,4/20/2016,4,2016,4/2016,5,DeSoto,27.64466667,-82.72216667,10:02,1,23,32,Z,Z,Surface,1,100
TB,5/19/2016,5,2016,5/2016,1,Indian,27.69983333,-82.69516667,11:40,1.75,28.5,32.9,Z,Z,Surface,1.75,100
TB,5/19/2016,5,2016,5/2016,3,Tarpon,27.65966667,-82.686,11:22,2.6,28.4,33.7,Z,Z,Surface,2,76.9
TB,5/19/2016,5,2016,5/2016,5,DeSoto,27.64466667,-82.72216667,11:01,2.4,28.1,34.5,Z,Z,Surface,2,83.3
TB,6/22/2016,6,2016,6/2016,1,Indian,27.69983333,-82.69516667,10:40,1.5,28.7,30.8,Z,Z,Surface,1.5,100
TB,6/22/2016,6,2016,6/2016,3,Tarpon,27.65966667,-82.686,10:26,1.5,28.2,30.1,Z,Z,Surface,1.5,100
TB,6/22/2016,6,2016,6/2016,5,DeSoto,27.64466667,-82.72216667,10:10,1,28.3,31.9,Z,Z,Surface,1,100
TB,7/15/2016,7,2016,7/2016,1,Indian,27.69983333,-82.69516667,11:27,2.5,31.8,31.2,Z,Z,Surface,1.5,60
TB,7/15/2016,7,2016,7/2016,2,Tarpon,27.68583333,-82.698,11:21,1.5,32.5,34.4,Z,Z,Surface,1.5,100
TB,7/15/2016,7,2016,7/2016,5,DeSoto,27.64466667,-82.72216667,11:01,1.5,31.8,34.1,Z,Z,Surface,1.5,100
TB,8/22/2016,8,2016,8/2016,1,Indian,27.69983333,-82.69516667,13:23,1.3,33,31.5,Z,Z,Surface,1.3,100
TB,8/22/2016,8,2016,8/2016,3,Tarpon,27.65966667,-82.686,13:11,1.8,32.2,30.4,Z,Z,Surface,1.8,100
TB,8/22/2016,8,2016,8/2016,5,DeSoto,27.64466667,-82.72216667,12:49,0.8,32,32.4,Z,Z,Surface,0.8,100
TB,9/27/2016,9,2016,9/2016,1,Indian,27.69983333,-82.69516667,8:45,1.8,30,28.2,Z,Z,Surface,1.8,100
TB,9/27/2016,9,2016,9/2016,3,Tarpon,27.65966667,-82.686,11:01,1.9,30.3,30.2,Z,Z,Surface,1.9,100
TB,9/27/2016,9,2016,9/2016,5,DeSoto,27.64466667,-82.72216667,11:14,1.7,30.1,31.4,Z,Z,Surface,1.7,100
TB,10/17/2016,10,2016,10/2016,1,Indian,27.69983333,-82.69516667,9:20,1,25.9,30.4,Z,Z,Surface,1,100
TB,10/17/2016,10,2016,10/2016,3,Tarpon,27.65966667,-82.686,8:56,2.25,25.8,28.9,Z,Z,Surface,2.25,100
TB,10/17/2016,10,2016,10/2016,5,DeSoto,27.64466667,-82.72216667,8:24,0.6,25.6,32.1,Z,Z,Surface,0.6,100
TB,11/15/2016,11,2016,11/2016,1,Indian,27.69983333,-82.69516667,15:42,1.7,22.4,31.9,Z,Z,Surface,1.7,100
TB,11/15/2016,11,2016,11/2016,3,Tarpon,27.65966667,-82.686,15:15,1.9,21.9,32,Z,Z,Surface,1.9,100
TB,11/15/2016,11,2016,11/2016,5,DeSoto,27.64466667,-82.72216667,14:43,1.7,22.3,32.5,Z,Z,Surface,1.7,100
TB,12/15/2016,12,2016,12/2016,1,Indian,27.69983333,-82.69516667,12:08,1.3,21.3,32.5,Z,Z,Surface,1.3,100
TB,12/15/2016,12,2016,12/2016,3,Tarpon,27.65966667,-82.686,11:50,1.2,21,31.8,Z,Z,Surface,1.2,100
TB,12/15/2016,12,2016,12/2016,5,DeSoto,27.64466667,-82.72216667,11:26,0.7,21.2,32.8,Z,Z,Surface,0.7,100
TB,1/26/2017,1,2017,1/2017,1,Indian,27.69983333,-82.69516667,Z,Z,Z,Z,Z,Z,Surface,Z,Z
TB,1/26/2017,1,2017,1/2017,3,Tarpon,27.65966667,-82.686,12:03,1.8,20.5,33.2,Z,Z,Surface,1,55.6
TB,1/26/2017,1,2017,1/2017,5,DeSoto,27.64466667,-82.72216667,11:34,1.5,20.3,33.7,Z,Z,Surface,0.8,53.3
TB,2/27/2017,2,2017,2/2017,1,Indian,27.69983333,-82.69516667,8:49,1.2,20.9,33.1,Z,Z,Surface,1,83.3
TB,2/27/2017,2,2017,2/2017,3,Tarpon,27.65966667,-82.686,9:10,2,20.6,31.1,Z,Z,Surface,1.8,90
TB,2/27/2017,2,2017,2/2017,5,DeSoto,27.64466667,-82.72216667,9:35,1.5,20.5,33.5,Z,Z,Surface,1.5,100
TB,3/21/2017,3,2017,3/2017,1,Indian,27.69983333,-82.69516667,12:26,0.6,20.2,33.3,Z,Z,Surface,0.6,100
TB,3/21/2017,3,2017,3/2017,3,Tarpon,27.65966667,-82.686,12:05,2.3,20,33.8,Z,Z,Surface,2.3,100
TB,3/21/2017,3,2017,3/2017,5,DeSoto,27.64466667,-82.72216667,11:46,0.6,20,33.5,Z,Z,Surface,0.6,100
TB,4/18/2017,4,2017,4/2017,1,Indian,27.69983333,-82.69516667,12:11,1.9,24.8,32.8,Z,Z,Surface,1.9,100
TB,4/18/2017,4,2017,4/2017,3,Tarpon,27.65966667,-82.686,11:50,2.2,24.4,32.5,Z,Z,Surface,2.2,100
TB,4/18/2017,4,2017,4/2017,5,DeSoto,27.64466667,-82.72216667,11:28,2.6,24.4,33.9,Z,Z,Surface,2.6,100
TB,5/15/2017,5,2017,5/2017,1,Indian,27.69983333,-82.69516667,11:53,1.5,27.5,35.8,Z,Z,Surface,1,66.7
TB,5/15/2017,5,2017,5/2017,3,Tarpon,27.65966667,-82.686,11:35,1.3,26.8,35.9,Z,Z,Surface,1,76.9
TB,5/15/2017,5,2017,5/2017,5,DeSoto,27.64466667,-82.72216667,11:21,0.8,26.7,36.1,Z,Z,Surface,0.8,100
TB,6/14/2017,6,2017,6/2017,1,Indian,27.69983333,-82.69516667,11:42,1.6,28,32.8,Z,Z,Surface,1.6,100
TB,6/14/2017,6,2017,6/2017,3,Tarpon,27.65966667,-82.686,11:25,2.4,27.6,32.8,Z,Z,Surface,1.1,45.8
TB,6/14/2017,6,2017,6/2017,5,DeSoto,27.64466667,-82.72216667,10:57,2,27.8,34,Z,Z,Surface,1.25,62.5
TB,7/26/2017,7,2017,7/2017,1,Indian,27.69983333,-82.69516667,11:30,1.3,31.2,33,Z,Z,Surface,1.1,84.6
TB,7/26/2017,7,2017,7/2017,3,Tarpon,27.65966667,-82.686,11:11,2,31,32.2,Z,Z,Surface,1.8,90
TB,7/26/2017,7,2017,7/2017,5,DeSoto,27.64466667,-82.72216667,10:49,0.3,31.2,33.4,Z,Z,Surface,0.3,100
TB,8/15/2017,8,2017,8/2017,1,Indian,27.69983333,-82.69516667,11:25,1.5,31.3,32.2,Z,Z,Surface,1.3,86.7
TB,8/15/2017,8,2017,8/2017,3,Tarpon,27.65966667,-82.686,11:03,1.6,31.8,32.2,Z,Z,Surface,1.6,100
TB,8/15/2017,8,2017,8/2017,5,DeSoto,27.64466667,-82.72216667,10:48,1.8,31.7,32.8,Z,Z,Surface,1.8,100
TB,9/21/2017,9,2017,9/2017,1,Indian,27.69983333,-82.69516667,11:46,1.7,29.1,27.4,Z,Z,Surface,1.5,88.2
TB,9/21/2017,9,2017,9/2017,3,Tarpon,27.65966667,-82.686,11:31,1.6,28.6,26.2,Z,Z,Surface,1.5,93.8
TB,9/21/2017,9,2017,9/2017,5,DeSoto,27.64466667,-82.72216667,11:21,1.6,28.5,29.8,Z,Z,Surface,1.6,100
TB,10/31/2017,10,2017,10/2017,1,Indian,27.69983333,-82.69516667,11:47,1.7,20.1,30.1,Z,Z,Surface,0.6,35.3
TB,10/31/2017,10,2017,10/2017,3,Tarpon,27.65966667,-82.686,11:32,2.2,19,30.2,Z,Z,Surface,0.6,27.3
TB,10/31/2017,10,2017,10/2017,5,DeSoto,27.64466667,-82.72216667,11:18,2,18.5,31.3,Z,Z,Surface,1.1,55
TB,11/21/2017,11,2017,11/2017,1,Indian,27.69983333,-82.69516667,11:13,1.5,20.7,29.1,Z,Z,Surface,1.3,86.7
TB,11/21/2017,11,2017,11/2017,3,Tarpon,27.65966667,-82.686,10:57,2.6,20.5,29.1,Z,Z,Surface,2,76.9
TB,11/21/2017,11,2017,11/2017,5,DeSoto,27.64466667,-82.72216667,10:44,0.9,20.3,31.4,Z,Z,Surface,0.9,100
TB,12/18/2017,12,2017,12/2017,1,Indian,27.69983333,-82.69516667,11:29,1.6,20,31,Z,Z,Surface,1.5,93.8
TB,12/18/2017,12,2017,12/2017,3,Tarpon,27.65966667,-82.686,11:16,2,20,31.4,Z,Z,Surface,1.75,87.5
TB,12/18/2017,12,2017,12/2017,5,DeSoto,27.64466667,-82.72216667,11:00,1.2,20,32.9,Z,Z,Surface,1,83.3
